,gpwr,in-hand delta,game-weighted in-hand delta,distance-one delta,gihwr,gnswr,cs bias,cs var,cs mean,deck gihwr,deck gnswr,deck ihd form,deck ihd meas,deck ihdd
A Killer Among Us,0.5668703007518797,0.03224593148886312,0.028657657417032967,0.020020865658417875,0.5991162322407428,0.543486186502471,0.005399493607371136,13.008311479587903,16.550883530762555,0.5705574850921363,0.564277803844203,0.0042437791641864895,0.0036871843402566107,0.0005565948239298788
Absolving Lammasu,0.5314581211313955,-0.004835501621096139,-0.0056768755912446345,-0.01602840911187975,0.5266226195102993,0.5348989766465495,-0.005381244841611638,13.281988873726961,16.443177087669635,0.5273558767566846,0.534317750423009,-0.004346704638161614,-0.004102244374710851,-0.0002444602634507631
Aftermath Analyst,0.5289703071831445,0.008067734820437211,-0.0010715644957037807,-0.014194550020407704,0.5370380420035817,0.5228739482068459,0.010279847506487338,14.591417038405986,17.032871027629135,0.5375496395322124,0.5226007342370513,0.008806356944467119,0.008579332349067825,0.00022702459539929339
Agency Coroner,0.5085244885306882,-0.00495171681199702,-0.020848543309792633,-0.030340964946768634,0.5035727717186912,0.5126315789473684,0.01185002708380921,14.22428834962644,16.91307919815971,0.5188343603286385,0.500979707966502,0.00996614514814817,0.010309871797950287,-0.0003437266498021174
Agency Outfitter,0.4876644736842105,0.006265238775853388,-0.010785034595672649,-0.05362349440995495,0.4939297124600639,0.4827420901246405,0.011789325915844001,17.0625165160711,17.480148528991716,0.49888646664889197,0.47895544006134444,0.011507657833616606,0.01122199296468146,0.00028566486893514577
"Agrus Kos, Spirit of Justice",0.5762854950115119,0.05420075521613332,0.06795571376283394,0.026172420577285638,0.6304862502276453,0.5371572393694529,-0.012008000847854946,11.491722453825039,15.91386030558154,0.5675443590015727,0.5820575061959645,-0.008671221835499336,-0.008741136009939199,6.991417443986264e-05
Airtight Alibi,0.5341603207491322,0.0009386590495300551,-0.0033324610340947913,-0.012126099740193963,0.5350989797986623,0.5335151813262979,0.002669308249307559,11.357310457749854,16.17520458980109,0.535937117333551,0.5329570084768998,0.0018742367261267202,0.0017767965844187605,9.744014170795967e-05
Alley Assailant,0.5357565738030875,0.0002925694235532683,-0.007038006159959309,-0.004956238948669367,0.5360491432266408,0.5356706851823593,0.005707052427042786,12.69222373991844,16.55965220299306,0.5403688045918966,0.5325028504587881,0.004374197320785479,0.004612230788809124,-0.00023803346802364535
"Alquist Proft, Master Sleuth",0.5439550313306303,0.037844766444900535,0.030246171157648494,-0.0020171702507567613,0.5817997977755308,0.5124176381145463,0.006154569953668508,18.09512040110162,17.551820728291318,0.5503113939737652,0.538986890817005,0.006345078727309666,0.006356362643134883,-1.1283915825216831e-05
Analyze the Pollen,0.5453038674033149,-0.0011269632264107043,-0.01032722993056634,0.00017382712532920674,0.5441769041769042,0.5460260440053885,0.007543973697387345,13.747128279891388,16.81269273743017,0.5517283192748713,0.5406406492675386,0.006168433324616994,0.00642445187155638,-0.00025601854693938636
Anzrag's Rampage,0.344,-0.07316666666666666,-0.09660656191183864,-0.19369401645095896,0.2708333333333333,0.38961038961038963,0.022435897435897433,9.984,16.0,0.358,0.33466666666666667,0.013999999999999999,0.014000000000000012,-1.3877787807814457e-17
"Anzrag, the Quake-Mole",0.5297795676133955,0.020321646961503292,0.02746057021756676,-0.01572979900979976,0.5501012145748988,0.5148316651501365,-0.0015158602068197327,12.577056735079243,16.233672464719398,0.5279912184412733,0.530999322613997,-0.0011744144687565173,-0.0017883491721222278,0.0006139347033657105
Archdruid's Charm,0.5499441964285714,0.006067794245348868,-0.0022601207388732725,0.003920232105419363,0.5560119906739203,0.5455127179651256,0.007526401199540816,12.559115907905975,16.54579448571571,0.555801269532622,0.545810768202649,0.0057129287515350685,0.005857073104050592,-0.0001441443525155234
Assassin's Trophy,0.5078461001976055,0.006292018345080752,-0.007521488764875683,-0.03231303246515693,0.5141381185426862,0.5031472081218274,0.01556695765705871,12.982654933820452,16.815181110149584,0.5199163018106985,0.4990768335390389,0.01201892731973016,0.012070201613093023,-5.1274293362863974e-05
Assemble the Players,0.516603096253085,-0.0491600046702369,-0.056708912926005106,-0.03081446816036082,0.4674430915828481,0.5527442584663294,-0.0047417690443891285,12.212546909539556,16.238805970149254,0.5134121579623465,0.5187848852034793,-0.003566092051056912,-0.0031909382907384654,-0.0003751537603184467
Audience with Trostani,0.5356533606277721,0.01894208320569213,-0.007823197842865004,-0.008233267393881749,0.5545954438334643,0.5216867469879518,0.01863159746844707,17.023963922613003,17.396079881656803,0.5543967440222283,0.5211691414401064,0.01823305280737088,0.018743383394456137,-0.0005103305870852552
Aurelia's Vindicator,0.5975252794039383,0.08746545561768004,0.09020857927634351,0.04877221602544879,0.6849907350216183,0.531924827827711,-0.0021453493312599773,12.922176744810699,16.607751106343034,0.5957599381457341,0.5987783689405421,-0.0016692557023759054,-0.001765341258204156,9.608555582825071e-05
"Aurelia, the Law Above",0.566078697421981,0.03545673933487692,0.03285974220621157,0.01627674295903292,0.6015354367568579,0.5412674287979912,-0.0027793240291995127,12.208204288844467,16.26783723522854,0.5639018878179838,0.5675699510550839,-0.0020857447147236163,-0.002176809603997243,9.10648892736266e-05
Auspicious Arrival,0.5586731669729121,-0.009999281076503719,-0.006321185929760609,0.008303437311842354,0.5486738858964084,0.5652676496267784,-0.009185902241601495,12.400177945501925,16.21473767709563,0.5515303817999953,0.5635386006629107,-0.007024894552980918,-0.007142785172916888,0.00011789061993596958
Axebane Ferox,0.5558783060694084,0.03278316830117667,0.034870514592771795,0.009987980048543954,0.588661474370585,0.5318839622018107,0.0029845395112514535,12.565227899883443,16.368147258903562,0.5578632170957593,0.5545059619431183,0.0022911218076121665,0.0019849110263508996,0.00030621078126126695
Barbed Servitor,0.5126381442170916,-0.0041809427819301526,-0.029471239760048173,-0.02716876476873431,0.5084572014351615,0.516288816917508,0.014672594767529037,15.398775634351821,17.132142448185046,0.526021057207331,0.5026275648044987,0.013188075891983954,0.013382912990239415,-0.00019483709825546085
Basilica Stalker,0.5192522048614506,-0.00018490029551632148,-0.010214965470795256,-0.02094911356722018,0.5190673045659343,0.5194546620321938,0.008269385174480493,13.21472434763066,16.771642446226,0.5258023888701482,0.5145315653241158,0.00651561980023807,0.006550184008697557,-3.456420845948747e-05
Behind the Mask,0.4858585858585859,-0.004687037741431088,-0.0182493188783569,-0.05592768635812184,0.4811715481171548,0.48928727590730214,0.010575672915175895,18.151732800475955,17.5302866414278,0.4967721482506196,0.47734933261426454,0.010950579010376537,0.010913562392033727,3.701661834281007e-05
Benthic Criminologists,0.5259843325994573,0.004244425570477328,-0.015560476523660105,-0.01758319496792693,0.5302287581699346,0.522602989427634,0.011643431028394097,19.108539771454836,18.05490614813982,0.5391162576105386,0.5151432303532915,0.012322908967609488,0.013131925011081291,-0.0008090160434718035
Bishop of the Bloodstained,0.4618834080717489,-0.036351493178131855,-0.04754500315563576,-0.07566397208663422,0.425531914893617,0.4883720930232558,-0.005472094747032069,10.88359893319227,16.272300469483568,0.4593999449490779,0.46358993758275013,-0.003659967111768517,-0.0024834631226710036,-0.0011765039890975133
Bite Down on Crime,0.551451381931939,0.016544865337803194,0.010359430665809799,0.005356559967961694,0.5679962472697422,0.539503887449093,0.0063877001295047945,13.305535334395103,16.656188202085847,0.5565887266599856,0.5477879891396616,0.005102714303384416,0.005137344728046611,-3.463042466219507e-05
Blood Spatter Analysis,0.5447258463375118,0.0253913411624882,0.019890567977837392,0.003308686552900064,0.5701171875,0.5250491902527622,0.007630821724161433,13.980294955794939,16.788503151754632,0.5509415937477768,0.5402334310247313,0.006354416322560291,0.006215747410265093,0.0001386689122951975
Bolrac-Clan Basher,0.5362559679248767,0.0011795990854325256,0.0019388554653969603,-0.011119282320907198,0.5374355670103093,0.5354162017406828,-0.003660125948557424,12.811961404529935,16.18706954661352,0.5333860565986971,0.5382046668696543,-0.002896966140387452,-0.0028699113261796416,-2.705481420781043e-05
Branch of Vitu-Ghazi,0.5234626018082642,-0.005535045641368308,-0.009846791193227622,-0.02169007025291103,0.5179275561668959,0.5272349010213088,0.0030540271279195117,13.766091370995877,16.63648489603766,0.5260251940770557,0.5216386124683431,0.0025270973258571783,0.0025625922687915192,-3.5494942934340915e-05
Break Out,0.5038969840731955,-0.019809881895641035,-0.020313143417204138,-0.04104782215471159,0.48408710217755446,0.5173591348890154,-0.0008951974165456817,10.166997260161232,15.877703206562266,0.5033620082395884,0.5042490132456843,-0.0005732233159240383,-0.0005349758336070654,-3.824748231697297e-05
Bubble Smuggler,0.5357990213039395,-0.007438208744151131,-0.013058366921129383,-0.008683499698207253,0.5283608125597884,0.5416336241078509,0.005171499044797181,16.324776482714075,17.47745736139484,0.5403116128045152,0.5323086464665945,0.004830426087799402,0.004512591500575702,0.0003178345872236997
Burden of Guilt,0.4752475247524752,-0.03024752475247522,-0.020102393222213577,-0.07167229468842418,0.445,0.49508196721311476,0.0012716696423429213,12.057447500833321,16.01792828685259,0.4760845383759733,0.47468824841027335,0.0009572455111775322,0.0008370136234980841,0.00012023188767944812
Burden of Proof,0.5215444584913611,-0.0037519750352492665,-0.008097470359715087,-0.022874191264893762,0.5177924834561118,0.5242302787392967,0.00295816353448745,15.953260843701262,17.326497972239675,0.5242565129284902,0.51947500150915,0.002723709924510691,0.0027120544371290745,1.1655487381616574e-05
Buried in the Garden,0.5634753786425645,0.03232760686259162,0.030605739562172718,0.015421971744084662,0.5958029855051561,0.5394986250901033,0.0039050827792680917,13.09366458107075,16.664173425638932,0.5664838016297746,0.5613242678484957,0.0030683696554899154,0.0030084229872101576,5.994666827975788e-05
Call a Surprise Witness,0.5424464677120215,-0.012413743126357013,-0.01326445262803766,-0.006072061800234896,0.5300327245856645,0.5507785103100014,-0.006244769276837591,12.587168161743856,16.29220894200974,0.5377278935496554,0.5456900721225657,-0.0048246349711465256,-0.004718574162366096,-0.00010606080878042962
Candlestick,0.49853372434017595,0.001644401773112203,-0.01126405534924757,-0.04338560891076715,0.5001781261132882,0.49714130138851076,0.008782776747198994,16.80224811123194,17.497762863534675,0.507242030238343,0.49176234961658233,0.008433672073561625,0.008708305898167068,-0.0002746338246054428
Case File Auditor,0.5366448343452694,-0.0014224365128016059,-0.0038593904582802097,-0.010793485509184464,0.5352223978324678,0.5375113984912543,0.00035850433613668006,14.359548813079916,16.730390529925877,0.5373834576166708,0.5361125791996644,0.0003077011564821061,0.0007386232714013952,-0.00043092211491928907
Case of the Burning Masks,0.5514337148000514,-0.007956579785291518,-0.009329952570473199,0.003397207518500256,0.5434771350147599,0.5570462438311095,-0.0029421767199375197,14.087408093795144,16.496127397756062,0.5488412273636624,0.5532533965532963,-0.0025125681402934307,-0.002592487436389068,7.99192960956375e-05
Case of the Crimson Pulse,0.5340975552696222,-0.005393723480993096,-0.020451499026629905,-0.012729343581678099,0.5287038317886291,0.5380875202593193,0.003237542848664377,23.875117802159973,17.711919337414475,0.5383667200590612,0.5306933399210525,0.004364107323937604,0.004269164789438951,9.494253449865344e-05
Case of the Filched Falcon,0.5255380661741086,0.003150746242493674,-0.0025395730556126983,-0.01817393251256405,0.5286888124166023,0.5229384952347126,0.006405356693685996,18.120298830306773,17.81193350561191,0.5318936396972489,0.5204508321163661,0.006516248074232222,0.006355573523140312,0.0001606745510919095
Case of the Gateway Express,0.5639584706657877,0.002348763582220581,0.009692692837407368,0.013789308959547442,0.5663072342480083,0.5623709326338114,-0.01049111602932419,11.771556106599231,16.069471983549974,0.5561215529645198,0.5692084147172929,-0.0076851785227575395,-0.007836917701267931,0.00015173917851039193
Case of the Gorgon's Kiss,0.5101043024771839,-0.011533457234227551,-0.021285349241094043,-0.029561969812787248,0.4985708452429563,0.5178958785249458,0.0078062606495477365,12.660855828930753,16.35246762338117,0.5161180861893451,0.5059555775877501,0.006043977149091797,0.006013783712161214,3.0193436930583267e-05
Case of the Locked Hothouse,0.5407496775803969,0.013361183696365186,-0.01165920715076918,-0.0042605453499580115,0.5541108612767621,0.5308293530178029,0.018165339245791303,12.743927869022066,16.781463414634146,0.5547134435629273,0.5306639725862993,0.01379485014774124,0.013963765982530352,-0.00016891583478911149
Case of the Pilfered Proof,0.5110393392280405,-0.03600858892053738,-0.041136189137223,-0.03537670017973604,0.4750307503075031,0.5382541600818072,-0.0010074125335149643,14.993291317682766,16.89687046882552,0.5105668198725094,0.5113854211573917,-0.000893918765604682,-0.0004725193555310536,-0.0004213994100736284
Case of the Ransacked Lab,0.3563218390804598,-0.009547645532072657,-0.04397722576241514,-0.17803694648166424,0.3467741935483871,0.36496350364963503,0.028666183694901044,18.267348067351882,18.489082969432314,0.38631162887455794,0.33072962897212854,0.02832239739435183,0.029989789794098165,-0.0016673923997463334
Case of the Shattered Pact,0.5270854104353606,0.0048827847503489785,-0.00800305598599571,-0.016390074808882216,0.5319681951857096,0.5233927970380343,0.014006189118467557,14.533360166721003,17.071950288891312,0.5391302167353454,0.5181460826338959,0.011923476086639717,0.012044806299984834,-0.00012133021334511697
Case of the Stashed Skeleton,0.5466166605039353,0.028395636593949614,0.024643099114948885,0.005378454834060631,0.5750122970978849,0.5252291454494954,0.005512105710006594,12.118748762192036,16.38515288724915,0.5504696994633389,0.5439477290152696,0.004076850836234637,0.0038530389594035874,0.00022381187683104958
Case of the Trampled Garden,0.5327200815005693,0.0005149958759966822,-0.002683702066131999,-0.013374745149241973,0.533235077376566,0.5324144198727658,0.0022361711760340726,10.777165192673827,16.009039256198346,0.5341674199828207,0.5317575539873429,0.0015053736690591273,0.0014473384822514257,5.803518680770159e-05
Case of the Uneaten Feast,0.47803946530872055,-0.04615092041707969,-0.05904688302128491,-0.06590900277578293,0.43188854489164086,0.5102702702702703,0.0017196186227282353,14.50522414445859,16.682777399591558,0.4806307850531368,0.47618006395714324,0.0014951619246726215,0.0025913197444162317,-0.0010961578197436102
Caught Red-Handed,0.5113947128532361,0.004069204672537019,0.0062308403520896505,-0.03594373838892273,0.5154639175257731,0.5091678420310296,-0.010152581471579948,10.739416106589033,15.71995043370508,0.5041236117817479,0.5161084329806549,-0.006935950430579369,-0.007271101071488206,0.0003351506409088375
Cease // Desist,0.5281438680776472,0.01685461170344127,0.004686760979647042,-0.014082532263980374,0.5449984797810885,0.5155223204169499,0.013062802080740687,14.867319092763976,17.162481942629153,0.5397315963668787,0.5194170337237227,0.011315895185160019,0.011587728289231491,-0.00027183310407147276
Cerebral Confiscation,0.4917180277349769,-0.010984945028210014,-0.028123024717550515,-0.046502577861330996,0.4807330827067669,0.4993472584856397,0.011052506150906489,14.862773608124737,16.919745222929937,0.500335467436915,0.485389542603743,0.009708828032511179,0.008617439701938123,0.0010913883305730555
Chalk Outline,0.5108897989575577,0.01542964067071051,-0.016008793519871223,-0.029567732288487192,0.5263194396282682,0.4984005836466693,0.022192404635392356,16.935001612645184,17.443306624975573,0.5337485952118438,0.49310613979683865,0.021545708985630487,0.022858796254286107,-0.0013130872686556196
Clandestine Meddler,0.5264505119453925,-0.003103514975155486,-0.006044968343430157,-0.014071505346605728,0.523346996970237,0.5285932138772398,0.0026972341059048146,12.553203406289509,16.40647961156705,0.5281076316904456,0.5253021355570804,0.002063753417395711,0.001657119745053115,0.0004066336723425961
Coerced to Kill,0.5495055792434002,0.03681829879142373,0.021682061280753784,0.007528143325431058,0.5863238780348239,0.5202138758476786,0.014155009682172816,16.42586928160379,17.596994042245893,0.5628782445030095,0.5389648786826525,0.013212957744999714,0.01337266525960934,-0.000159707514609626
Cold Case Cracker,0.5424891535789187,0.006215705222828549,-0.0015244250542106874,-0.0022204664545757424,0.5487048588017472,0.5375767534376892,0.005814298864371139,17.123588840381853,17.640823672648352,0.5477574255111428,0.5383344709751016,0.005643821682938668,0.005268271932224122,0.0003755497507145454
Combine Chrysalis,0.4963948973932335,-0.0038206399674909353,-0.0296533628511938,-0.04569816836723606,0.49257425742574257,0.49899598393574296,0.02222397953434303,15.964619366241637,17.353932584269664,0.5170628834355828,0.4805506564765824,0.020444782319284437,0.020667986042349318,-0.00022320372306488048
Commercial District,0.5395884950985673,0.004986398463553643,-0.0012000604696739137,-0.006131728075165377,0.544574893562121,0.5360147942672214,0.00824452122625273,14.31737308152645,16.734156880124086,0.5468223120286236,0.5343824679053741,0.0070538293097410585,0.007233816930056314,-0.00017998762031525527
Concealed Weapon,0.5244965967101531,-0.021371054081224528,-0.023268166972768567,-0.02249816371916591,0.5031255426289286,0.5392908481073311,-0.003668449681254142,12.828499562798442,16.26726760991937,0.5218882155469329,0.5262836404910541,-0.002892969259534429,-0.0026083811632202636,-0.0002845880963141655
Connecting the Dots,0.5126127154434426,-0.051008376305560765,-0.0602177635704047,-0.03405551359867509,0.4616043391378818,0.5466818786841605,-0.0010868300490352344,12.386778762063734,16.077666470241603,0.5115498196893545,0.5133271620254615,-0.0008373306781976071,-0.0010628957540880224,0.00022556507589041532
Consign // Oblivion,0.5479134466769706,0.03418835956276667,0.01854882007136205,0.005810620412105338,0.5821018062397373,0.5175182481751824,0.01411522542787741,18.254078483177764,18.039874902267396,0.5621920390762244,0.5361880299778333,0.01428282813290661,0.014278592399253776,4.235733652834667e-06
Conspiracy Unraveler,0.5067024128686327,0.001081130496823235,-0.018085946742281978,-0.03510133142049621,0.507783543365456,0.5045592705167173,0.013825897585291302,16.590158182094072,17.540439932318105,0.519836416450084,0.49644945697577275,0.013076857184567869,0.013134003581451337,-5.714639688346804e-05
Convenient Target,0.5384569234461243,-0.017829472465732077,-0.01753925199604489,-0.009797767849098138,0.5206274509803922,0.5492041925465838,-0.006690840482578001,11.590820989769979,15.83451968503937,0.5335103457431677,0.5416921989158614,-0.004897675196169044,-0.004946577702956589,4.890250678754506e-05
Cornered Crook,0.5374138550478492,0.002586144952150815,-0.0028821018775258,-0.008742083924479616,0.54,0.5357301375943186,0.0017906689039850407,15.69947959557811,16.951334606102087,0.5394783438803947,0.5358925775488439,0.0016584281163578407,0.002064488832545508,-0.0004060607161876673
Coveted Falcon,0.5238123981408824,-0.004861168688362394,-0.02276429188287743,-0.019447259560753105,0.51895122945252,0.5275847089487402,0.010180430430004514,18.330955816092295,17.872421939850586,0.5340956263774093,0.5154961638294562,0.010441618994295876,0.010283228236526831,0.000158390757769045
Crashing Footfalls,0.5689061154177433,0.06975785219359276,0.07782932150489819,0.022847027623861815,0.638663967611336,0.5176029962546816,0.0018963379991450357,12.938826049891016,16.341410644742535,0.5703178535659691,0.5679311223561105,0.0015014852778716507,0.0014117381482258162,8.974712964583448e-05
Crime Novelist,0.5092618191871717,-0.014935041577489427,-0.02985983577070961,-0.0348399992469175,0.4943267776096823,0.5209686946249261,0.007217430157377065,17.71713222026744,17.4786213199295,0.5179891727597481,0.5024480783385068,0.007315918232234515,0.008727353572576368,-0.0014114353403418536
Crimestopper Sprite,0.5350874625613409,0.0027559394708465135,-0.003175857771215096,-0.009482079002261945,0.5378434020321874,0.532928806821154,0.004214541082303884,16.638220546687876,17.4905169874627,0.5386692072035865,0.5323216662250636,0.0040091704596675335,0.003581744642245588,0.0004274258174219456
Crowd-Control Warden,0.546210154334343,-0.004917455809633431,-0.005789560102367308,-0.002341049957649166,0.5412926985247095,0.5496594908359614,-0.0022910897193835177,11.451734778081,16.171725302120713,0.5443124073622814,0.5474924959175073,-0.0016223965797716976,-0.0018977469720615758,0.00027535039228987826
Cryptex,0.5022660623833645,0.019555569495193437,-0.006467203485220896,-0.03796209486647384,0.5218216318785579,0.4880184331797235,0.020991356845513277,16.654663232549105,17.381872618399566,0.5223473112672168,0.48683435091110533,0.020113136641342944,0.02008124888385232,3.1887757490623586e-05
Cryptic Coat,0.5712855092298962,0.053825404700893476,0.054326331931401683,0.025874336467939907,0.6251109139307897,0.5270968919165501,0.0031031283471778235,13.984319370405357,16.89876899800564,0.573671502357251,0.5695409588807568,0.002567946686496171,0.0023859931273547685,0.00018195355914140234
Culvert Ambusher,0.5344535301156761,-0.009089904679926653,-0.017255433484828386,-0.011127309308151978,0.5253636254357494,0.5409249638020611,0.005945656343121144,12.347046747661734,16.433645472166862,0.5392518344531235,0.5311086618970455,0.00446713402320761,0.004798304337447434,-0.0003311703142398247
Curious Cadaver,0.5009418670872213,0.006211709701172907,-0.021208289410296233,-0.037782319128539354,0.5071535767883942,0.4961861768368618,0.02182529191056836,17.691419515660602,17.79841650171893,0.523115816629209,0.4831693443531824,0.021694086954551713,0.022173949541987703,-0.0004798625874359898
Curious Inquiry,0.5026076285918806,0.001257445195891771,-0.004736975988194003,-0.039951864056842035,0.5038650737877723,0.5017238250771184,0.0045254989802262415,16.96895431900787,17.461981316532697,0.5070675210618577,0.49915907720623237,0.004397724638123943,0.004459892469977134,-6.216783185319062e-05
Deadly Complication,0.53058769088385,0.006564700662312406,0.003427943259054378,-0.010629445605618737,0.5371523915461625,0.5258654836409729,0.004107387419406949,13.82849624834837,16.681024182076815,0.5336797360000223,0.5283840199087384,0.003405006245408531,0.003092045116172226,0.00031296112923630487
Deadly Cover-Up,0.5499514091350826,0.04096779852127175,0.03054571346859636,0.00917081857054003,0.5909192076563543,0.5180110306790762,0.011234177135606375,16.414644191744788,17.660829824381228,0.5607025289174059,0.5414196477788453,0.010441469755483258,0.010751119782323348,-0.00030965002684009077
Deduce,0.5453652145430724,0.005104748677197346,-0.005291591020657349,0.0007757213403395413,0.5504699632202698,0.5411065770523283,0.0065100385492428536,18.64384298936018,18.071958952110794,0.5523937207459003,0.539515793064025,0.006716047601059303,0.007028506202827911,-0.00031245860176860787
Defenestrated Phantom,0.5334405501330968,-0.012139395883359105,-0.0119905241090974,-0.015325292668290524,0.5213011542497377,0.5415232061699491,-0.00598922179972822,11.616828141465172,16.06657027910485,0.5292449081831845,0.536252590628582,-0.004330467494922998,-0.004195641949912288,-0.00013482554501071005
"Delney, Streetwise Lookout",0.5186527891474682,-0.011410449314599114,-0.007592675198548782,-0.028774641685218594,0.507242339832869,0.5269943593875906,-0.0050862752598300484,12.164035811945878,16.17965496728138,0.5145374258313037,0.5214485965248217,-0.0038239155615555635,-0.0041153633161644665,0.00029144775460890294
Demand Answers,0.5180683070143225,-0.013816531788583886,-0.01729106750393472,-0.027848267634572044,0.5042517752257386,0.5280217350097934,0.00010380918398509206,16.33294817885766,17.09998821357011,0.518102907050245,0.5180423673950655,9.915270123826728e-05,3.460003592248295e-05,6.455266531578433e-05
Detective's Satchel,0.5522320229709352,0.02881149491468793,0.0021530648736869384,0.00708253909812584,0.5810435178856231,0.5283517811945148,0.013099933375493523,20.040823415468342,18.180065858164003,0.5683981039224201,0.5386422916935993,0.014440731600252794,0.016166080951484862,-0.0017253493512320688
Dog Walker,0.5661863308861967,0.003247145151876296,0.010932124328443371,0.015655245148154306,0.569433476038073,0.5639568483914468,-0.008855045956956504,12.239087572217123,16.13505682547836,0.558394657969064,0.5714090810190562,-0.0067169074206210435,-0.007791672917132786,0.0010747654965117424
Doorkeeper Thrull,0.5218117303276978,-0.00808232443653456,-0.006445430841352184,-0.025117385933465908,0.5137294058911632,0.5274291860882037,-0.0036534955596548217,12.541151392283119,16.24009790832221,0.5195390202897807,0.523369006058794,-0.0028213525055895985,-0.0022727100379170695,-0.000548642467672529
Doppelgang,0.569557911814126,0.05315199949551341,0.03152622010257977,0.024085602382192928,0.6227099113096394,0.5264591847427433,0.016805403862511722,14.903919262619898,17.27335576062467,0.5843338619144706,0.5583376338742458,0.014500157688730279,0.014775950100344604,-0.0002757924116143246
Drag the Canal,0.5263528307788552,0.024664089405728618,0.009477227852620063,-0.013314509188829149,0.5510169201845838,0.5055499495459133,0.01409849748711367,17.783515850036437,17.881865550525326,0.5399031512944454,0.5153679783931499,0.014020956192482906,0.013550320515590242,0.00047063567689266395
Dramatic Accusation,0.5281945229409649,0.0022744794378198874,-0.0066711020950612765,-0.01590487968914711,0.5304690023787848,0.5263121862163396,0.007034828780864268,16.870934837767322,17.611257258349106,0.5348068981560143,0.5229914440165784,0.00673910648261899,0.006612375215049426,0.00012673126756956345
Drown in the Loch,0.5165289256198347,0.0248911927233606,0.008936721043339979,-0.022271606710830727,0.5414201183431953,0.4948453608247423,0.01680082632853682,17.12055613147143,17.695652173913043,0.5319894146948941,0.5042613636363636,0.016254811486228028,0.01546048907505948,0.0007943224111685472
Due Diligence,0.5332026396443659,-0.019113196212429795,-0.011644791843350877,-0.015973588614136114,0.5140894434319361,0.5456201885847037,-0.010814774760681385,11.383873765191707,15.912429293082065,0.5253185903788313,0.5383942575186894,-0.007736972677584944,-0.007884049265534543,0.00014707658794959905
"Duskmantle, House of Shadow",0.5257142857142857,-0.02571428571428569,-0.03677760720765627,-0.01301000520487261,0.5,0.5454545454545454,0.008255423708498143,19.614563265306124,17.702857142857145,0.5348612007746933,0.518452075858534,0.009146915060407637,0.009146915060407657,-1.9081958235744878e-17
Elegant Parlor,0.5468717948717948,-6.841730846551819e-05,0.0037001706705452886,-0.0013273527333362845,0.5468033775633293,0.5469223907225691,-0.0020524433817162282,13.761896613531718,16.52562766954891,0.5452378809648679,0.5480219941060689,-0.0017091946030197078,-0.0016339139069269093,-7.528069609279847e-05
Eliminate the Impossible,0.5381521296717504,0.0005592942589480732,-0.007768074177796902,-0.006316437723100754,0.5387114239306985,0.537702244538861,0.005971214796063075,17.84351264712774,17.85199201638197,0.5441800808398346,0.5332782691814313,0.005968378578395842,0.006027951168084189,-5.957258968834669e-05
Enlisted Wurm,0.5708731572979102,0.027875376139712027,0.019381070666601774,0.02221220091365006,0.5987485334376222,0.5514096185737977,0.007747673438132159,13.282166201629726,16.58880499015102,0.5769670106514884,0.5665533970503761,0.006203333292682616,0.006093853353578149,0.00010947993910446693
Escape Tunnel,0.5523481258078414,0.0010481572832267139,-0.0034860767597932885,0.006462981873432083,0.5533962830910681,0.5515441714165507,0.005150607123130714,14.861829040278682,16.954472674747393,0.5574440801204416,0.5485839422029899,0.004514881942133347,0.005095954312600126,-0.000581072370466779
Essence of Antiquity,0.5293821778858244,-0.01249524690197712,-0.012458263881018339,-0.017799509383769174,0.5168869309838473,0.5376239006003072,-0.001875831724935685,13.484745417527222,16.46476893340362,0.527832890733901,0.5304675082147159,-0.0015363175371116262,-0.001549287151923373,1.2969614811746914e-05
"Etrata, Deadly Fugitive",0.5332244564662652,0.044522921554710715,0.04546360740921307,-0.007432969449046811,0.5777473780209759,0.496956281128943,0.010456547028878405,15.905176481073704,17.27165685449958,0.5424499571272287,0.5262215239591516,0.00962925718580556,0.009225500660963504,0.0004037565248420569
Evidence Examiner,0.5521567082081342,0.02476070677788078,0.006928381292224395,0.007768944242696474,0.576917414986015,0.5322011795738123,0.01454559084649841,17.54856085955491,17.60717976274129,0.5674911634489935,0.5400383756982327,0.014497164772981297,0.015334455240859302,-0.0008372904678780047
Evolutionary Leap,0.47804878048780486,-0.014634146341463372,-0.03724072359280217,-0.06429006260641079,0.4634146341463415,0.4878048780487805,0.02081513275344704,11.27628792385485,16.692682926829267,0.49210987726475747,0.4679782335705316,0.014061096776952582,0.014061096776952609,-2.6020852139652106e-17
Exit Specialist,0.5520605086753989,0.010962889232806527,0.007613739465414993,0.006995130712943998,0.5630233979082054,0.5430820215410108,0.005326757230393733,16.855417910745437,17.590197069226882,0.5570630472111712,0.5481298883106607,0.0051042474893271605,0.005002538535772261,0.0001017089535548998
Expedited Inheritance,0.3790322580645161,-0.04569892473118281,-0.05245769095883124,-0.16336195894090222,0.3333333333333333,0.410958904109589,0.005536417322834634,10.57232049947971,15.483870967741936,0.3828125,0.37664473684210525,0.0037802419354838637,0.0037802419354838745,-1.0842021724855044e-17
Expose the Culprit,0.49181777974347635,-0.003169131094827693,0.0011102466979278636,-0.053053981499629976,0.48864864864864865,0.4940119760479042,-0.004932632301310549,11.35387427753285,15.966555183946488,0.48740987243483086,0.4947407134976094,-0.0035076124036252355,-0.004407907308645487,0.0009002949050202513
Extract a Confession,0.5423636348376375,0.016191650912156907,0.010748510739929773,0.001166557410445468,0.5585552857497944,0.5297618157623242,0.008526973319974073,14.488954993519766,16.996322838345865,0.5492893787703602,0.537232921495037,0.007269038946783864,0.006925743932722717,0.0003432950140611476
"Ezrim, Agency Chief",0.5655755287657128,0.05802742633942071,0.05595356667965801,0.018468517200873835,0.6236029551051335,0.5178305509836194,0.0015058505596708077,15.826345155048829,17.363197229310973,0.5670431158229708,0.5644497008223831,0.0013725646489255129,0.001467587057258024,-9.50224083325112e-05
Fabricate,0.4067796610169492,0.02179176755447937,0.01938427865628123,-0.13324399258131947,0.42857142857142855,0.3870967741935484,0.01048597330843157,14.76644642344154,16.661016949152543,0.4160732451678535,0.4001452432824982,0.009293584150904349,0.00929358415090431,3.8163916471489756e-17
Fae Flight,0.517455083011144,-0.005519816659154797,-0.01433494357673748,-0.026178704945891917,0.5119352663519892,0.5214229559748428,0.005759570473087896,15.192208116164325,17.15020845741513,0.5227252368076176,0.5135048431418873,0.005102013395588452,0.0052701537964736644,-0.00016814040088521283
Faerie Snoop,0.5331072055318369,0.006868157265987884,-0.008642787303251631,-0.00833989983506711,0.5399753627978248,0.5278951032722209,0.01219105346606775,16.10978334943756,17.474982476050602,0.5445501303037829,0.5241999156886629,0.011238651049231106,0.011442924771945973,-0.00020427372271486673
Fanatical Strength,0.5485828382195383,0.008759819123118961,0.008493892771066713,0.0010401911251178841,0.5573426573426573,0.5426470588235294,0.0004404260448395719,11.53110889202979,16.19474915898786,0.5481069260159107,0.5489044917226813,0.00031359551371084655,-0.00047591220362763753,0.000789507717338484
Felonious Rage,0.5584441024205961,-0.006947400238962342,0.0016479593611229415,0.008009974977552958,0.5514967021816337,0.5628333105428689,-0.011173935597389233,12.435835687481982,16.028815700662847,0.5490410291633667,0.5646937639457589,-0.008669213600471553,-0.009403073257229333,0.00073385965675778
Festerleech,0.544249111029876,0.010701745927316653,0.010646043106679604,0.0032808555651121507,0.5549508569571927,0.5368651931837355,0.003271475465422399,13.252513701963357,16.59827247742442,0.5464755412991179,0.542673514556495,0.0026120352880165997,0.0022264302692418525,0.0003856050187747472
Field of the Dead,0.5181347150259067,0.002413230179572734,-0.04052340469074839,-0.023483328927032532,0.5205479452054794,0.5166666666666667,0.0335637651648671,15.689280249134205,17.533678756476682,0.5481678486997635,0.49469557195571956,0.030033133673856835,0.03003313367385685,-1.3877787807814457e-17
Flotsam // Jetsam,0.5087648802049325,-0.005583784999297459,-0.024060837183051464,-0.03206850763053881,0.503181095205635,0.5131898802556946,0.014617751610436496,16.249445920612125,17.511096746390866,0.5224678518807295,0.498082707270964,0.013564562386629779,0.013702971675797038,-0.00013840928916725864
Flourishing Bloom-Kin,0.5617194307290154,0.01582483200919249,0.009665832919778183,0.015140507702526507,0.5775442627382079,0.549970732700481,0.006841684421641078,12.549782120927256,16.515107565868988,0.5666277005213706,0.558282852349449,0.005198976058090233,0.004908269792355147,0.00029070626573508666
Forensic Gadgeteer,0.512753262081175,-0.003935305515076815,-0.01614931486890181,-0.030222382902777456,0.5088179565660982,0.5161405598570578,0.009602220820690547,18.0920818860701,17.829757592644192,0.522701037446602,0.5047481554673309,0.00974349564055385,0.009947775365427014,-0.00020427972487316315
Forensic Researcher,0.5411389785613774,0.00800771546081791,-0.004319074299728776,-0.00299108990817476,0.5491466940221953,0.5347738768223743,0.009725555094076717,16.913146040874445,17.664227491663578,0.5507870845097461,0.5334977954291774,0.009312025318532547,0.009648105948368735,-0.00033608062983618743
Forest,0.5458201942084311,-0.00442058364385689,-0.008169402633844358,5.804139922072071e-05,0.5413996105645742,0.5488895749104555,0.007108488290625475,13.859691430077918,16.75013524028308,0.5510259744092336,0.5421034286979556,0.005881830375043951,0.0052057802008025345,0.0006760501742414165
Forum Familiar,0.5217995139130004,-0.023661942519903778,-0.02028925813967941,-0.026592289266502367,0.4981375713930966,0.5374958704988437,-0.006949540992070556,12.209792924240986,16.185702854094426,0.5164589697784941,0.525429977733017,-0.005242432608370849,-0.005340544134506242,9.811152613539275e-05
Frantic Scapegoat,0.550680564071122,-0.008240818031548525,0.002649293721229018,0.0013377324531642643,0.5424397460395735,0.5561031238545188,-0.012396681500232126,12.2043336219739,15.920469324286119,0.541113964211423,0.5569873811258103,-0.009503063870321475,-0.009566599859698988,6.353598937751219e-05
Fugitive Codebreaker,0.5507785164450665,0.005818455436692682,0.007749562205572991,0.0030315746344811156,0.5565969718817592,0.5465116279069767,-0.001798600340209072,15.846817211362989,16.691235790245692,0.5489866148769601,0.5520611912940863,-0.0017076081834662587,-0.00179190156810638,8.429338464012123e-05
Furtive Courier,0.528120195290373,0.0013058747485374944,-0.013406813412160323,-0.01574599543894506,0.5294260700389105,0.5272110491882723,0.008273728932392902,18.31769652292975,17.935009401346516,0.5368465290806754,0.5210011387708622,0.00845026909688591,0.00872633379030241,-0.00027606469341649904
Fuss // Bother,0.5691845592250869,0.012033176437171722,0.012505384796098196,0.0194958992210974,0.5812177356622586,0.56094313587838,-0.0037567330384420845,13.502483770476095,16.434879776830293,0.566068926429145,0.5713566190683511,-0.0030864373558173175,-0.0031156327959419583,2.9195440124640815e-05
Gadget Technician,0.5491739793514799,0.0033510303565398303,0.00223732174560054,0.0024262731206999844,0.5525250097080198,0.5466488689054377,0.0008294480140746646,15.853919770124177,17.051323940573432,0.5496735881760312,0.5488010854252998,0.0007712012459829163,0.0004996088245512453,0.000271592421431671
Galvanize,0.552206714164775,0.006610536048717752,0.008844979902754568,0.004523471721670891,0.5588172502134927,0.5473778191840379,-0.002224656657961553,14.688499099429484,16.672278638874044,0.5501434630486806,0.553686768829152,-0.001959952087222008,-0.0020632511160944,0.00010329902887239216
Gamble,0.5276073619631901,0.013376244594186959,-0.01718182247228306,-0.017937010772277606,0.5409836065573771,0.5196078431372549,0.006648645696810827,19.298279950318044,16.9079754601227,0.5351959361393324,0.5220510095642933,0.0075885741761421745,0.0075885741761422265,-5.204170427930421e-17
Gearbane Orangutan,0.526889999180932,-0.008389163659327847,-0.008474054044107948,-0.019937697628317652,0.5185008355216042,0.5328767885975169,-0.0018706152768175667,15.219735145794635,16.665168016743536,0.5249302879466435,0.5282905981705596,-0.0017083697592629448,-0.001959711234288508,0.00025134147502556335
Get a Leg Up,0.5543976656940391,0.008462866973800276,0.007817104315830825,0.006778261170402589,0.5628605326678394,0.548575931554655,0.0012370485988342796,12.13802576285834,16.35226991764773,0.555029518120889,0.5539618713158672,0.0009182411884207846,0.0006318524268498216,0.00028638876157096303
Ghost Quarter,0.4233128834355828,-0.04650128923268426,-0.07079874055416047,-0.11778792063447274,0.37681159420289856,0.4574468085106383,0.002106184847301601,12.72355000188189,16.429447852760735,0.42494398805078415,0.4221759500260281,0.0016311046152013469,0.0016311046152013287,1.8214596497756474e-17
Ghostly Prison,0.5045992115637319,-0.0002764449931267343,0.013530744329787625,-0.040672452349806765,0.5043227665706052,0.5048309178743962,-0.009035248689118699,16.499180654819977,17.555847568988174,0.49610778443113773,0.5112412177985949,-0.008491427132594239,-0.008491427132594154,-8.500145032286355e-17
Gleaming Geardrake,0.5617207389516287,0.03709396257300934,0.03070594199122212,0.016338847946664514,0.598814701524638,0.5308607473650591,0.00701787383601033,18.480884010182827,17.906713595904357,0.5686269033344707,0.5561164811276411,0.007242898685276792,0.006906164382842084,0.00033673430243470834
Glint Weaver,0.5533001149865849,0.018931686497784206,0.0045870015073739,0.007350674973862881,0.5722318014843691,0.5401306579561362,0.010328374100846811,14.007698292133975,16.834588917680573,0.5621451172960382,0.5468577034905867,0.008594017291447225,0.008845002309453287,-0.00025098501800606236
Gnaw to the Bone,0.36548223350253806,0.050102182081877555,0.014495672915908198,-0.17171090904889796,0.4155844155844156,0.3333333333333333,0.039225150782392214,16.601973768971117,16.95431472081218,0.4038922155688623,0.3372246696035242,0.038409982066324205,0.03840998206632423,-2.7755575615628914e-17
Goblin Maskmaker,0.5510730970529347,-0.009238128789807232,0.0072116845923854145,0.0012274113136633291,0.5418349682631275,0.557121683280537,-0.014039088888588255,11.889570964289636,15.93903511900516,0.5396203375883042,0.5586125246741483,-0.010472324225938367,-0.011452759464630535,0.0009804352386921684
Goblin Warchief,0.4722222222222222,0.03159457167090751,0.017619467939425315,-0.07314094825358286,0.5038167938931297,0.45414847161572053,0.012205311847209785,16.419785896403095,16.24207492795389,0.48525651951593657,0.4632602836048283,0.012338854993526587,0.013034297293714359,-0.0006954423001877715
Granite Witness,0.5532194382869469,0.0010668785384723156,0.0028248221001876406,0.005251462356052783,0.5542863168254192,0.5524633320797292,-0.0028633109754523578,14.1709184935546,16.723132743531384,0.5504229575666381,0.5552249671102589,-0.0024263244857953207,-0.0027964807203088027,0.00037015623451348194
Gravestone Strider,0.536232921378696,-0.0012774471149411548,-0.008949393159327745,-0.008013929556468846,0.5349554742637549,0.5372156988676822,0.00783404899913986,15.532319332619403,17.181784509425086,0.5437272727272727,0.5305598250590355,0.0070819739739652506,0.007494351348576678,-0.0004123773746114272
Greenbelt Radical,0.5527323188821897,0.007862760270966884,0.0017190589585408533,0.006036413331446555,0.5605950791531565,0.5470886422797644,0.005631348422522772,11.82120984343473,16.394737314773238,0.5563214917560593,0.5502474938506129,0.004060409759914325,0.003589172873869617,0.00047123688604470797
Griffnaut Tracker,0.5260519181490697,-0.020215701309392653,-0.019225466777765376,-0.022250165364812946,0.505836216839677,0.5396465509208932,-0.006902332010316311,12.221804657376772,16.200806745767803,0.5212224731887108,0.5293347961937557,-0.0052070835011029356,-0.004829444960358864,-0.0003776385407440715
Haazda Vigilante,0.5510457604914848,-0.010354117840187915,-0.0070874704390618826,0.0009979746609111162,0.5406916426512969,0.5576937351543944,-0.010176595581869426,11.53966101108027,16.05029619867702,0.5438485280051614,0.5558609068367586,-0.0073166539612714515,-0.007197232486323424,-0.00011942147494802772
Hard Evidence,0.547183886609474,0.018807011197724988,0.014941319858395974,0.002551454183010504,0.565990897807199,0.531748726655348,0.004346015672759194,18.75441488485117,18.12750796924808,0.5514925219609538,0.5436117412290427,0.0044963147257340505,0.004308635351479739,0.0001876793742543112
Hard-Hitting Question,0.5496202451860956,0.01434371877786833,0.012143240685308476,0.003373013689602855,0.563963963963964,0.5392154201167368,0.0033933145013673852,13.023860214767927,16.59796801774407,0.552158095708505,0.5478219021336743,0.0026626183207069725,0.0025378505224094017,0.00012476779829757086
Harried Dronesmith,0.5222470792940591,-0.009046190521349695,-0.013467608534125763,-0.02356276375657207,0.5132008887727094,0.5288213363923143,0.0017763825183760285,15.184790006943645,16.765082438171373,0.5241429865744173,0.5208789510597578,0.0016089390322430084,0.0018959072803581556,-0.0002869682481151472
Hedge Maze,0.5484337144557317,0.005067850489495207,-0.0024662706219752417,0.003800837948576108,0.553501564945227,0.5445388258287605,0.011364496198909689,15.487008687658584,17.23044425087108,0.5587345349447981,0.5406343533699672,0.010214597418431597,0.010300820489066331,-8.622307063473403e-05
Hedge Whisperer,0.5292841648590022,0.0022473666725293384,-0.005231450747517852,-0.014966012227984438,0.5315315315315315,0.527680574248542,0.009178839194122254,13.071660414791413,16.685913208813332,0.5365069320330257,0.5241153807783147,0.007190656420541019,0.007222767174023481,-3.211075348246231e-05
Hide in Plain Sight,0.5731904821228354,0.05717871770477556,0.05872907837739172,0.026681402263607934,0.630369199827611,0.5294408708560119,0.0040035658961671125,13.088344756075475,16.574799295085178,0.5762874953721018,0.5709997460852595,0.0031614289723700785,0.003097013249266367,6.441572310371142e-05
High Alert,0.4626865671641791,0.011889704022261582,-0.007214387658545929,-0.0781371922722075,0.4745762711864407,0.4533333333333333,0.002262065896575387,15.018099799509912,17.41044776119403,0.46463780540077154,0.46118268913115296,0.00195123823659244,0.0019512382365924341,5.854691731421724e-18
Homicide Investigator,0.5440516273849607,0.028136903309794015,0.02198906170535897,0.002696361551251192,0.5721885306947547,0.5221017514595496,0.008912944838660408,15.165456781771574,17.071358073430716,0.5521493392335877,0.5380188421348979,0.007917875025970586,0.008097711848626954,-0.00017983682265636756
Hotshot Investigators,0.5386896136611901,0.003334669361627629,-0.006966988323260037,-0.006086694168551232,0.5420242830228177,0.5360996817017313,0.006848360026051424,16.85530973331013,17.64356655248047,0.5456221198156682,0.5332243612424812,0.006542397709724306,0.0069325061544781574,-0.00039010844475385106
Hunted Bonebrute,0.5452587174078894,0.03549372491179459,0.03677869660374844,0.003475561186641385,0.580752442319684,0.5185009861932939,0.0033180135337969006,12.71735765492717,16.479482562547386,0.5472742399650841,0.5438505884034495,0.002560539425496457,0.0020155225571946156,0.0005450168683018416
Hustle // Bustle,0.5230365964310918,-0.013872941294282293,-0.01850114555758342,-0.02378192005171431,0.5091636551368095,0.5319272125723739,0.00023443614046355678,11.68872857340773,16.12210482485817,0.5232998013110343,0.5228591021786148,0.00016996914754273786,0.0002632048799424691,-9.323573239973125e-05
Ill-Timed Explosion,0.5589321215563761,0.05045955400392277,0.04849563775323096,0.013970601339422295,0.6093916755602988,0.5165236851920925,0.006588880416070651,21.293880058520134,18.626408450704226,0.5659399268924069,0.552771223043523,0.007532468198099464,0.007007805336030848,0.0005246628620686165
Illicit Masquerade,0.49488515730553945,-0.0036248077195228934,-0.02310999638884087,-0.04422163073447355,0.49126034958601655,0.49750581975390756,0.014430250278259145,13.584565841000924,16.691877868688884,0.5070525291828794,0.4861938323075905,0.011743956345070654,0.012167371877339905,-0.00042341553226925115
Incinerator of the Guilty,0.5494549858700041,0.021400629103257907,0.017588508137641012,0.0027774304150811613,0.570855614973262,0.5337431884867961,0.002947944141453348,12.960756168210683,16.58861641925695,0.5516914044815282,0.5478707078788464,0.0023032412257437346,0.002236418611524127,6.68226142196077e-05
Innocent Bystander,0.5436917732512238,-0.018781655120766683,-0.01352853523927977,-0.004997530870544775,0.5249101181304571,0.5567468246039675,-0.006171835465166727,14.007849242399962,16.39154097553638,0.5379224553827036,0.5477009515211313,-0.005274314408509961,-0.005769317868520196,0.0004950034600102356
Inside Source,0.5638245267024583,0.002207575889349722,0.012455926792249161,0.013454854384852277,0.566032102591808,0.5622708230779276,-0.010439327751625543,12.420640605554087,16.235613873743677,0.5551063206718371,0.5697602451524361,-0.007986340348745286,-0.008718206030621234,0.000731865681875948
Insidious Roots,0.5056989997673877,0.019149130218706123,0.001079957004441967,-0.03325596204924963,0.5248481299860939,0.48980833586857314,0.0206761916294471,14.615498957099025,17.067943539236598,0.5224926686217009,0.4932897055849296,0.017705288074235093,0.016793668854313104,0.0009116192199219893
Intrude on the Mind,0.5483152738607688,0.030160062462101123,0.019500765897314754,0.003907671984346939,0.57847533632287,0.5241286863270778,0.007115110174945444,17.11696878343159,17.765854029011923,0.5552441769651307,0.542776347726218,0.006855235811142774,0.006928903104361894,-7.366729321912034e-05
Island,0.542224596719996,1.9103298845024597e-06,-0.003913443637305725,-0.0024751906503800436,0.5422265070498805,0.5422231463878328,0.007501311289212102,16.297619640733128,17.37757230564391,0.5479454972027542,0.5377428655730015,0.007035132183487486,0.0057209004827581955,0.0013142317007292905
It Doesn't Add Up,0.48646181928810467,-0.011480773040947745,-0.032901135774948964,-0.05163616307309443,0.4749810462471569,0.4945445318447095,0.016633712337862306,12.773870125566173,16.60457774269929,0.4997203399932148,0.4770661277851058,0.012796283314298836,0.013258520705110133,-0.0004622373908112973
"Ixidor, Reality Sculptor",0.451685393258427,-0.037320752374449095,-0.04638974178921401,-0.08938155163909706,0.4143646408839779,0.4772727272727273,-0.0018014127908884464,13.542653705340237,16.541573033707866,0.4502105692161391,0.45272535683494586,-0.001474824042287849,-0.0014748240422878811,3.209238430557093e-17
"Izoni, Center of the Web",0.569739629604319,0.08235339365149497,0.07406857331350503,0.02608182531375569,0.652093023255814,0.505126953125,0.008848781255269498,12.877632029466247,16.751718273931836,0.5766041047936887,0.5647992948694407,0.00680236779602032,0.006864475189369723,-6.210739334940301e-05
"Jace, Wielder of Mysteries",0.5465346534653466,0.02945318847994216,0.00045573665451403844,0.0029666323222780067,0.5759878419452887,0.5244755244755245,0.015489390185838222,22.794309926042107,18.83828382838284,0.5652768044849334,0.5298502807236432,0.018742151019586824,0.018742151019586872,-4.85722573273506e-17
Jaded Analyst,0.5289974923971617,-0.009136907095797508,-0.016409208042174717,-0.015491576060523427,0.5198605853013641,0.5362864543361473,0.004932018005887478,18.012545640941564,17.926453909371673,0.5337931780320454,0.5250709733215515,0.004955704004937115,0.004795685634883751,0.0001600183700533643
"Judith, Carnage Connoisseur",0.5065812261863526,-0.007285309871727763,-0.018579719951657414,-0.034021986285781236,0.49929591631462483,0.5113739763421292,0.008545995408400465,14.74124824502794,16.947451198075676,0.5142753552880859,0.5009188516796759,0.007433485917363469,0.0076941291017332825,-0.0002606431843698133
Karlov Watchdog,0.5542287928565411,-0.006920430027020252,0.00046653581157851676,0.0037669768682677685,0.5473083628295209,0.5588647021768041,-0.011677796466620474,11.201611668832387,15.873744351043154,0.5459297844632843,0.5596745783994,-0.008240660695669403,-0.008299008393256813,5.834769758740997e-05
"Kaya, Spirits' Justice",0.5450393982808023,0.05149525518454423,0.04927509138289721,0.0008145257499708736,0.5965346534653465,0.5054493760859264,0.003310486667804375,13.419637230064724,16.693795985103097,0.5475370066230852,0.5432523559726884,0.0026612000156551654,0.0024976083422829642,0.00016359167337220114
"Kellan, Inquisitive Prodigy",0.5619991644829289,0.04272135358114748,0.03352666032709051,0.016896369060260708,0.6047205180640763,0.5275725232621784,0.0112319051084597,15.744605417143566,17.28538264489273,0.572397717861011,0.5540846714254423,0.01023072023619611,0.010398553378082154,-0.00016783314188604376
Knife,0.5183518492476445,-0.042144711389002165,-0.045077636684242084,-0.027433131733530347,0.4762071378586424,0.5467795016455101,-0.0024515277923651047,14.221288526663237,16.49189814814815,0.5161876177726997,0.51987030312457,-0.0021140006901069013,-0.002164231474944822,5.023078483792085e-05
Kraul Whipcracker,0.5461346003184311,0.029535552344148508,0.022451464498049578,0.004760675707868978,0.5756701526625796,0.5246316156596041,0.012721058108919993,13.486295629255267,16.865177939378338,0.5553896259830702,0.5394062063547486,0.010172436424359114,0.009255025664639094,0.00091741075972002
Krenko's Buzzcrusher,0.5386687386687387,-0.006727245982152796,-0.00635006339250932,-0.008071866112833614,0.5319414926865859,0.5434168725732439,-0.0021167246311440536,13.626569553797436,16.422669203587933,0.5368936022472619,0.5399038144805323,-0.0017563341899512327,-0.0017751364214767529,1.8802231525520165e-05
"Krenko, Baron of Tin Street",0.5565274797821422,0.021248183808382004,0.025813045465726048,0.009082904180504725,0.5777756635905242,0.5405110286088666,-0.00261405687755462,14.179620730041496,16.504241484734962,0.554301368219515,0.5580917454396004,-0.0022458672290249925,-0.0022261115626271977,-1.9755666397794792e-05
Krosan Tusker,0.5391530636385143,0.015242540757090084,0.0035777568494600454,-0.005529227072128662,0.5543956043956044,0.5278239202657807,0.013551039905242217,15.80675161360834,17.023372287145243,0.5520187845610915,0.529617119436492,0.012582578720316446,0.012865720922577206,-0.00028314220226076034
Krovod Haunch,0.5434178925247674,-0.020784147668800323,-0.018040637945754945,-0.006105538195423699,0.522633744855967,0.5573451992980697,-0.00897631057722152,12.185164033826828,16.127013162603888,0.5368495463276022,0.5478601106508522,-0.006782273673320343,-0.006568346197165176,-0.00021392747615516742
Kuldotha Rebirth,0.505656108597285,-0.011573268360598632,-0.014828035946683304,-0.04101701776090205,0.4940828402366864,0.5128205128205128,-0.0009423079119598798,15.306040178732113,16.786848072562357,0.5048864325672305,0.5062125420260196,-0.0008591846842748929,-0.0007696760300545114,-8.95086542203815e-05
Kylox's Voltstrider,0.5342776203966005,0.023162379603399508,0.009936472557854459,-0.010030769014718777,0.55744,0.5157440325038091,0.010704651312570776,17.990123473622578,17.649260226283726,0.5452428743476515,0.5256255939182768,0.010911392114238999,0.010965253951050968,-5.386183681196921e-05
"Kylox, Visionary Inventor",0.4574314574314574,-0.03582866997501144,-0.05486624994126443,-0.08240910389132927,0.42160278745644597,0.4827586206896552,0.007564080535917608,18.002479957434915,17.62762762762763,0.4654875951854581,0.4510866060488812,0.007724931063942986,0.008056137754000714,-0.00033120669005772766
Laid to Rest,0.47368421052631576,0.017224880382775143,-0.022362187940879685,-0.07108930253551099,0.4909090909090909,0.4576271186440678,0.014211650449989963,16.860264696829795,16.771929824561404,0.48797071129707115,0.463368580060423,0.014286500770755344,0.014286500770755384,-3.9898639947466563e-17
Lamplight Phoenix,0.5618529059934827,0.022671250709151658,0.024791813553769915,0.014044861923405816,0.5845241567026344,0.5452855815283437,-0.0034374121273388915,13.664011743907508,16.48565236237538,0.558975873904412,0.5638680851586159,-0.0028490737669444022,-0.0028770320890707524,2.7958322126350136e-05
"Lazav, Wearer of Faces",0.5348074893049614,0.03508631163354192,0.021019262727709487,-0.005497047263450461,0.5698938009385033,0.5062997681685314,0.013858828061941188,16.76952616069907,17.631407020253015,0.5481016325707951,0.5243176351311055,0.013181363204558252,0.01329414326583378,-0.00011278006127552788
Lead Pipe,0.5164259641326774,-0.019259360430372907,-0.020892907855101617,-0.02391207195556999,0.4971666037023045,0.5303776683087028,-0.0009693473098928325,12.068776271896768,16.34545753785385,0.5155465814994225,0.517033826085206,-0.0007157239732059303,-0.0008793826332549326,0.00016365866004900234
Leering Onlooker,0.5418089115495456,0.013033193713612334,0.005841581688026509,0.0011116569701650203,0.5548421052631579,0.5324297419404243,0.008119097062139305,13.802786216683545,16.83963254593176,0.5484613641991244,0.5369762982750901,0.0066549053677709856,0.0066524526495788106,2.4527181921750116e-06
Leonin Relic-Warder,0.5472379969024265,-0.023743622316059865,-0.015436185416629056,-0.0026057048399010796,0.5234943745863666,0.5621827411167513,-0.013967691342456307,12.569986524772391,16.21273818846254,0.5366144929382355,0.5544776848204694,-0.010829367002410434,-0.010623503964190983,-0.00020586303821945075
Leyline of the Guildpact,0.45434298440979953,-0.02552048880347263,-0.04116441716537539,-0.08563843949569067,0.4288224956063269,0.4630071599045346,0.01077002673136263,13.800547805351384,16.511233150274588,0.4640949876656998,0.44754398896259756,0.009001887831049766,0.009752003255900255,-0.000750115424850489
Lightning Helix,0.5657980722104231,0.01871109932757331,0.029842667383246924,0.014512225299272763,0.5845091715379964,0.553022760822548,-0.01043641786823294,12.802037897207219,16.206877113866966,0.5570767227417782,0.5717441738661556,-0.008243871791061536,-0.00872134946864489,0.00047747767758335447
Living Conundrum,0.4823008849557522,-0.01264276529763253,-0.03871115212989257,-0.057936491558103875,0.46965811965811965,0.49213561691716184,0.017770673647940414,22.086098999755805,18.44660831509847,0.5031002177968132,0.4644736019435686,0.021276803343816677,0.020799332841061058,0.00047747050275561906
Long Goodbye,0.5424755700325733,0.022585930888695538,0.020379501744934858,0.0013624460801874294,0.5650615009212688,0.5249441835399183,0.006487985186251331,14.1002916110596,16.939919694641354,0.547769859613903,0.5385865639863758,0.005400408310277733,0.005294289581329714,0.0001061187289480188
Lost in the Maze,0.5423996837319628,0.009493564443219693,0.004405736264257221,-0.00202159842207017,0.5518932481751825,0.5351633986928105,0.005606763270784369,15.476144352784946,17.41564629335519,0.5474442817080509,0.5385118521564887,0.0049823633455198515,0.005044597976088139,-6.223463056828724e-05
Loxodon Eavesdropper,0.5532758043861977,0.012287382426989124,0.000733533757847904,0.006817778405713293,0.5655631868131868,0.5444342829877333,0.007676709474200288,13.858812459302827,16.8208239944578,0.5602217749586573,0.5482087315405559,0.0063249028075288635,0.006945970572459603,-0.0006210677649307397
Lumbering Laundry,0.5210727969348659,-0.021072796934865856,-0.029361340544816095,-0.023883313662036998,0.5,0.5359052711993888,0.003497101287713325,12.590793237563808,16.47239840263096,0.5235749664778481,0.5193210337758875,0.002673033893921845,0.0025021695429822133,0.0001708643509396317
Lush Portico,0.5515430971512053,0.004074070421158038,0.0019375688447317296,0.004672787940494638,0.5556171675723633,0.5486924807945992,0.005121497731263712,13.131537159407209,16.648463047743622,0.5555092540554174,0.5487142183922206,0.004039600386957282,0.0039661569042120925,7.34434827451896e-05
Macabre Reconstruction,0.5182157539101262,0.000668681250490244,-0.020252314354161416,-0.0219063945110487,0.5188844351606164,0.5179187467023824,0.014456222676396043,13.907952685493878,16.87406085885871,0.5306182145941248,0.509160009687833,0.011915120057702486,0.01240246068399864,-0.00048734062629615313
Magmaw,0.5396770869117142,-0.0019663504432138046,-0.005296744115066199,-0.007084814373192971,0.5377107364685004,0.5408734602463606,0.0006020571303692741,13.913283523869538,16.463768115942027,0.5401761489335059,0.5393281382249073,0.0005087894516859636,0.0004990620217916186,9.727429894345013e-06
Magnetic Snuffler,0.4784900885702235,-0.0028197807251391094,-0.019152277267037443,-0.0637815084114956,0.4756703078450844,0.4802342606149341,0.008521035285713111,16.32844585392837,17.24595323741007,0.48693137446310036,0.4720685429971781,0.008067705006897859,0.008441285892876849,-0.0003735808859789899
Magnifying Glass,0.4858783546232275,-0.028270921406038152,-0.04992895888314042,-0.054926944649576925,0.45760743321718933,0.5050108076242876,0.014702275223009577,18.50104163268545,17.577801827801828,0.501199648103223,0.47385976285576864,0.015474483593612998,0.015321293479995557,0.00015319011361744107
Make Your Move,0.5431246836510882,0.00023777106870714881,0.0016896391501912689,-0.005695763182081315,0.5433624547197954,0.5430103023703827,-0.005478522837734281,12.673634527240297,16.381305127415644,0.5387925663756911,0.5461302751520148,-0.004238538727807555,-0.004332117275397174,9.357854758961903e-05
Makeshift Binding,0.5643558255747321,0.011463968509657585,0.018620740001526026,0.01486853456738757,0.5758197940843897,0.5562691163641332,-0.007189116805020234,13.358732433036588,16.52709437921797,0.5580856395822108,0.5687899347106845,-0.0058109118048526864,-0.006270185992521271,0.00045927418766858463
Marketwatch Phantom,0.5536220607435346,-0.007881290406312247,0.0014561893001194814,0.0036281466101036886,0.5457407703372223,0.5591219249416413,-0.01111392069135343,12.19082109937816,16.14991146604994,0.5446636838168243,0.5596544530983196,-0.008389384619586741,-0.00895837692671031,0.0005689923071235687
Mass Hysteria,0.5241935483870968,-0.067671809256662,-0.0660901859899008,-0.02366118225848035,0.45652173913043476,0.5641025641025641,-0.01833231146535868,12.728928199791882,15.64516129032258,0.5092783505154639,0.5337748344370861,-0.014915197871632858,-0.014915197871632868,1.0408340855860843e-17
"Massacre Girl, Known Killer",0.5330778539733764,0.02792051318314337,0.018127535042064324,-0.007763039049080045,0.5609983671565197,0.5123205105477752,0.007609853503927512,14.170624113990218,16.896063960639605,0.5395083327859749,0.5283786201449585,0.0063823369642716475,0.006430478812598506,-4.814184832685822e-05
Maverick Thopterist,0.5402700186219739,0.03168765333569812,0.02602284138682731,-0.005082056566148796,0.571957671957672,0.5155795596177815,0.0075252501764256135,16.644352619661056,17.546503414174712,0.5472365805168986,0.5348168897188506,0.007138340587356599,0.006966561894924728,0.00017177869243187142
Meddling Youths,0.5491543488626484,-0.007946353497642611,-0.004838857881691472,-0.0023535636956923955,0.5412079953650057,0.5541474127281878,-0.009919947516009433,11.8703299901134,15.934848193080429,0.5420823195101253,0.5538351640412148,-0.007389656247291452,-0.007072029352523046,-0.00031762689476840574
Mentor of the Meek,0.5252140818268316,-0.024391262298581462,-0.037924522615707945,-0.022985220743924728,0.5008228195282501,0.5438891222175557,0.0012324006637449423,14.850202023644181,16.728886756238005,0.526327009166489,0.5244133135640882,0.0010939998038937764,0.001112927339657399,-1.8927535763622666e-05
Metalspinner's Puzzleknot,0.4924114671163575,-0.025993556668596318,-0.050258965887966967,-0.04686534912754681,0.4664179104477612,0.5138461538461538,0.01093561187148085,18.89909297052154,17.904761904761905,0.5037239558781936,0.4832608861435217,0.011542915038355767,0.011312488761836104,0.00023042627651966366
Meticulous Archive,0.540781428127267,0.003195965020030722,0.0016876560894290016,-0.004952755064493997,0.5439773931472978,0.5382693197593706,0.005539109406119083,15.64595227468376,17.245848927310107,0.5456143355477235,0.5371182221695889,0.005025246468160292,0.0048329074204565,0.000192339047703792
Millstone,0.391304347826087,-0.04919908466819223,-0.1001317588664008,-0.14523095796621116,0.34210526315789475,0.45161290322580644,0.018006888289907163,18.967100591715976,16.953846153846154,0.413585554600172,0.37507827175954916,0.020145190562613435,0.022281206774085016,-0.002136016211471581
Mistveil Plains,0.522887323943662,-0.01125941696691779,-0.010685816901690126,-0.023313088810983484,0.5116279069767442,0.532258064516129,0.0020911221799646937,14.121475773656018,16.74823943661972,0.5246504782928624,0.521617324146286,0.0017631543492004278,0.0017631543492003798,4.7921736023859296e-17
Mistway Spy,0.5215646301841116,-0.002760662439874051,-0.007196383323043953,-0.022341682855219425,0.5188039677442375,0.5238423928674144,0.0043719642408134906,16.964660786392944,17.510624528098372,0.5252947044218406,0.5186637523428785,0.004235650772856555,0.0037300742377289753,0.00050557653512758
Molten Psyche,0.39285714285714285,-0.12012987012987014,-0.08662246915571697,-0.1454827438175363,0.2727272727272727,0.47058823529411764,-0.0008818032877233949,31.186093749999998,18.1625,0.391025641025641,0.39444444444444443,-0.0015141087405368212,-0.001831501831501825,0.0003173930909650038
Monologue Tax,0.35294117647058826,-0.05882352941176472,-0.08098171386428477,-0.1882327192486945,0.29411764705882354,0.4117647058823529,0.01039105626942524,18.647923875432525,18.61764705882353,0.36334913112164297,0.343878954607978,0.01040795465105473,0.010407954651054707,2.2551405187698492e-17
Mountain,0.549728293230208,-0.009345090920663934,-0.004667678484286841,0.0017448337180641094,0.5403832023095441,0.5561615828105555,0.00036477818118590787,14.688334523985247,16.662232982586833,0.5467310921564962,0.5518341106981061,0.0003215645800841324,-0.0029972010737118193,0.003318765653795952
Murder,0.5350062534926422,0.015762786831685527,0.007846248049065307,-0.0053230567585733635,0.5507690403243277,0.5231440436750502,0.00787217171442181,14.011054987853429,16.900919483970213,0.5418356083668859,0.5299914332442045,0.006526120124363689,0.006829354874243743,-0.00030323474988005333
Museum Nightwatch,0.5550946640977055,-0.010192703313391727,-0.005476057344090957,0.004978982945141652,0.5449019607843137,0.5620711835334476,-0.008722156921131905,12.18120321776827,16.19572172959137,0.5485268276936809,0.559555964520747,-0.0065601501265268045,-0.006567836404024585,7.686277497780634e-06
Mystery Key,0.5194908512330947,0.027954404241357866,-0.002066849713367458,-0.02356684277549781,0.5474452554744526,0.4971830985915493,0.015378794392691453,20.550841144799943,18.11137629276054,0.5369410524466309,0.5050519735407429,0.01745020121353628,0.017450201213536243,3.8163916471489756e-17
Neighborhood Guardian,0.5639490408379428,0.009615806787854453,0.02300460115049452,0.013543013565291195,0.5735648476257973,0.5570922074983027,-0.012433662596478635,11.920182551824835,15.996974898455159,0.5543911338423274,0.570293082116594,-0.009264972213723648,-0.009557906995615428,0.0002929347818917804
Nervous Gardener,0.5522478285913075,0.012656752830329632,0.007233947745338254,0.006104426198615065,0.5649045814216371,0.5427761304300077,0.006834935359392149,13.371809401359931,16.688376375053114,0.557589649955515,0.5484224325993405,0.005476593458967722,0.005341821364207466,0.00013477209476025608
Nightdrinker Moroii,0.5270179447543518,-0.002185088975937277,-0.0063755529099759345,-0.013284067842667113,0.5248328557784145,0.528546511627907,0.003891025299092366,12.36318456119475,16.47742780069819,0.5297018884956367,0.5251423278542997,0.0029194765400773637,0.0026839437412848888,0.00023553279879247498
"Niv-Mizzet, Guildpact",0.5159400806606491,0.039135513291834734,0.021411360525572465,-0.026922240467737724,0.5550755939524838,0.48463397790055246,0.018404115569316617,14.446412226675493,17.12298875909191,0.5315705506308492,0.5042759048569249,0.015527279958094449,0.015630469970200123,-0.00010319001210567363
No More Lies,0.5525575930510679,0.004492002583736721,0.006557629812324883,0.005192735765097156,0.5570495956348046,0.5491597877358491,-0.0026370726788978293,16.021342960684162,17.343735774619393,0.5501421374769148,0.5544095515572063,-0.0024360060802298186,-0.0024154555741531247,-2.0550506076693828e-05
No Witnesses,0.5208876364917224,4.488690345072488e-05,-0.0019399475626012963,-0.02520717887949664,0.5209325233951732,0.5207896360271438,-0.0002766522955922789,15.937386471853065,17.33943194393213,0.521097978794575,0.5207261065184563,-0.00025428252594644166,0.00021034230285255084,-0.0004646248287989925
Not on My Watch,0.5387896322367047,0.008513511691763731,0.010842726663236935,-0.008744622068460717,0.5473031439284685,0.5326484947111473,-0.0020642322002575025,13.958998811410899,16.783608891189697,0.5369049034412636,0.5401556453262031,-0.0017168306897926095,-0.001884728795441104,0.0001678981056484946
Novice Inspector,0.5716555413313826,0.014770815895731704,0.02715016596262687,0.021387979707768845,0.5864263572271143,0.5611180233754274,-0.009658020329232103,13.290739589353915,16.417080185846583,0.5630295517755023,0.5776868713598656,-0.007818822329635274,-0.008625989555880342,0.0008071672262450688
Nyx Weaver,0.5195164075993092,0.012330726158652605,-0.005388376383449356,-0.020575783859092422,0.5318471337579618,0.5100671140939598,0.018626095199476778,12.937263472940405,17.040607344632768,0.5338606632187405,0.508880366944883,0.014140969050824318,0.014344255619431312,-0.00020328656860699353
Offender at Large,0.5575118301742142,-0.005057589054262901,-0.0026025688976135664,0.008009513679467006,0.5524542411199513,0.561006680590736,-0.006193634651466313,12.662564213279765,16.19494051056948,0.5523300625055569,0.5610224530047159,-0.004842703586135557,-0.0051817676686573,0.00033906408252174294
Officious Interrogation,0.5090971507037418,-0.01615644880781608,-0.027601543512057458,-0.03564680463744907,0.49294070189592576,0.5210636390797729,0.004743952267136625,18.7031041168508,17.722015256342026,0.5140603068583321,0.5051451034801712,0.005006576954947314,0.004963156154590309,4.342080035700524e-05
On the Job,0.5594353052831382,-0.011429427012329518,-0.0050693852204202194,0.008319820773397324,0.5480058782708087,0.5666645148796076,-0.01300075611744504,11.66404457096915,15.974931901239835,0.549473748987597,0.5660325143824739,-0.009492459795613258,-0.009961556295541185,0.0004690964999279276
Out Cold,0.5433460651548742,0.006177510684491128,0.0018069523283137379,-0.0017525179108983657,0.5495235758393653,0.5385403530895334,0.003954490460279418,17.109102944340457,17.638214429271365,0.5469896492265893,0.5404629970009098,0.0038358635818063233,0.003643584071715167,0.00019227951009115644
Outrageous Robbery,0.5183328936955949,0.005909064131094377,-0.020731449724865514,-0.02164575047985995,0.5242419578266893,0.5141177826437708,0.016785293519483116,14.479383091601875,17.07293839521624,0.5330326387494401,0.5073819633836204,0.014235434437090059,0.014699745053845192,-0.00046431061675513384
Perimeter Enforcer,0.5650775535612388,0.006737150364243605,0.01618082461335757,0.015236413910445057,0.5718147039254824,0.5601964148376027,-0.00958151764660892,12.726057814168382,16.307712174189447,0.5570620965191049,0.5705850519937627,-0.007477133899334369,-0.008015457042133911,0.0005383231427995424
Person of Interest,0.5674511560594052,0.010032084829423193,0.01533271155711613,0.017597444463214873,0.5774832408888284,0.5606434353611507,-0.007838701985308148,12.654990972805177,16.16412534274989,0.5609809838989008,0.5717990228838753,-0.00613696694124426,-0.006470172160504384,0.00033320521926012356
Persuasive Interrogators,0.5252234826702912,0.008409925681796881,-0.013732551528024772,-0.014672259496501971,0.5336334083520881,0.5193895870736086,0.01606164199730787,15.496966151847081,17.343503032530784,0.5398725907550022,0.5139860785862421,0.01435158294771808,0.014649108084710982,-0.000297525136992903
Pick Your Poison,0.5180892717306186,0.0026454376047345685,-0.008530552060139085,-0.026572035519024206,0.5207347093353532,0.5162151341251835,0.008921994458578324,12.926552704155243,16.513329050907338,0.5247695196904165,0.5133928571428571,0.00698409334904259,0.006680247959797936,0.0003038453892446544
Plains,0.5551587320113144,-0.013934781170753752,-0.006362873554051074,0.005831772790305556,0.5412239508405606,0.5645977227521183,-0.0024370631277411746,13.402404917559396,16.50189105741364,0.5493026679035857,0.559188875271125,-0.0019793190207110863,-0.0058560641077286535,0.003876745087017567
Polygraph Orb,0.5051628276409849,0.025739520937507088,-0.0025802699788310957,-0.03334048283902502,0.530902348578492,0.48599861143253875,0.02224781656470026,13.789490149103127,16.90381721165686,0.523695383121054,0.4916044883035909,0.018148921247588275,0.018532555480069157,-0.0003836342324808825
Pompous Gadabout,0.5251986560716762,-0.0024389621279593543,-0.002354030986003841,-0.02020155699413395,0.5227596939437168,0.5267590328715023,0.0010174929968427696,11.658030728598602,16.186182808430026,0.5258521639218691,0.5247560179263089,0.000732845091626482,0.0006535078501929137,7.93372414335683e-05
Possibility Storm,0.34782608695652173,-0.11705685618729095,-0.1664509264554298,-0.1882997359707047,0.23076923076923078,0.5,0.042293233082706765,14.079395085066164,17.91304347826087,0.38106796116504854,0.32086614173228345,0.033241874208526805,0.03324187420852681,-6.938893903907228e-18
Presumed Dead,0.5235678487597538,0.004102279902469141,-0.004360843903808531,-0.01661545676078313,0.527670128662223,0.5207259450171822,0.008274304630577605,12.700376554824716,16.423394743971823,0.5298625833707309,0.5191943790385877,0.006398603100996358,0.006294734610977071,0.00010386849001928732
Private Eye,0.5548018326586895,0.027452315459481236,0.03168469439244037,0.007557423036752109,0.5822541481181708,0.5333835540401237,-0.001973570219943164,14.865249294754735,17.041163744021862,0.5520332450643665,0.5568410482204584,-0.0017215733479734251,-0.0027685875943230798,0.0010470142463496546
Proft's Eidetic Memory,0.5563885913760959,0.030505499651665047,0.01991938258256476,0.01141760075612619,0.5868940910277609,0.5308219178082192,0.008407927656431061,18.79364978219507,18.140718067504963,0.5651692146299352,0.5490945071304727,0.008710550882329582,0.008780623253839326,-7.007237150974399e-05
Projektor Inspector,0.5496586073819969,0.0073928904301875376,0.000990883955843902,0.004511394525683721,0.5570514978121844,0.5436064313932684,0.005585734732622213,18.562572911482583,18.03509912873825,0.5548403440483758,0.5453085660562018,0.005749101099936922,0.005181736666378889,0.0005673644335580331
Public Thoroughfare,0.522582574883562,-0.0013179815351855861,-0.013568285191156826,-0.021364232155815843,0.5212645933483764,0.5235995457986374,0.011730275715525956,15.356749385506456,17.14878989294231,0.5338155819184782,0.5141368702995427,0.01050446740037102,0.011233007034916254,-0.0007285396345452343
Push // Pull,0.5470701560707405,0.006759489833914389,0.0009473127186621078,0.0026198339874800025,0.5538296459046549,0.5421360973411447,0.0031290585898743942,13.537756058220559,16.70113596439864,0.5498374338502734,0.545083159860875,0.0025363802780779547,0.002767277779532895,-0.00023089750145494038
Putrid Warrior,0.5426695842450766,-0.006020369585390761,-0.004021715538333304,-0.001446678046494565,0.5366492146596858,0.5469924812030075,-0.0060543114203473825,12.280725416755615,16.295154185022028,0.5381512605042017,0.5457689647221582,-0.004562788132999393,-0.004518323740874908,-4.446439212448493e-05
Pyrotechnic Performer,0.5613251879699248,0.03175001679552569,0.03776975648321412,0.013210631872374035,0.5930752047654505,0.5383108108108108,-0.006188871029889577,12.335677056408366,16.102838472534206,0.5564828403634178,0.5645838349195742,-0.004741022180573643,-0.004842347606507036,0.00010132542593339292
"Quintorius, Field Historian",0.464075382803298,-0.006932525660440891,-0.028833828069316225,-0.0784220462984862,0.45714285714285713,0.46893787575150303,0.015392417313421515,14.622343753685138,16.888103651354534,0.4774027060956898,0.4543369687085924,0.013327323292391786,0.01332732329239178,6.938893903907228e-18
"Rakdos, Patron of Chaos",0.5478069059132943,0.05747180198507085,0.035821756431172136,0.004648013229705095,0.6052787078983651,0.5047534165181224,0.01420464220932788,17.984875428493204,17.54295031322406,0.5625326269793701,0.5362930656548096,0.014562471880713438,0.014725721066075836,-0.00016324918536239803
Rakish Scoundrel,0.5162017201434511,0.0023833181198629205,-0.00929656800965073,-0.025903186309712556,0.518585038263314,0.5145864500961744,0.011101593142261492,12.129705148796544,16.503968693469194,0.524690466979616,0.5102478850195805,0.008159192131212642,0.008488746836164851,-0.0003295547049522087
Ranger-Captain of Eos,0.561030235162374,0.00843331366843747,0.0225476530129608,0.01066673382159733,0.5694635488308115,0.5552407932011332,-0.012572105360986557,12.69687967506386,16.2026875699888,0.5511783813670607,0.5677379888005271,-0.009851853795313411,-0.009851853795313392,-1.9081958235744878e-17
Raucous Theater,0.535262695246467,0.01492022188412001,0.00989290011526578,-0.00749690625941879,0.550182917130587,0.5242295930369325,0.008795207250046075,14.955199341150493,16.971016502565526,0.5431098685337189,0.5294755175948471,0.007750512625527584,0.00784717328725193,-9.66606617243456e-05
Reasonable Doubt,0.5516425053138007,0.007838058743291576,0.005785104114971684,0.0066426357670452685,0.5594805640570922,0.5453586497890295,0.0035478392357473046,17.339964682539744,17.710955637823933,0.5545658615426057,0.5493178189628335,0.003473522733906282,0.0029233562288050186,0.0005501665051012633
Reckless Detective,0.5664324308364581,0.017070838975791425,0.01611127966775161,0.017695308151879696,0.5835032698122495,0.5540093619619416,-0.00194298441668052,15.192696300648684,16.882264990698726,0.5652727719742424,0.5672837048917196,-0.001748531501891704,-0.0011596588622156956,-0.0005888726396760084
Red Herring,0.5554040081835581,-0.00637817167360466,0.0021499837997334126,0.00630375883034795,0.5490258365099534,0.5599367700008782,-0.007319441000302404,13.929704439986583,16.340997262127505,0.5482153639854161,0.5603404799532966,-0.006239377448305008,-0.007188644198141914,0.0009492667498369059
Reenact the Crime,0.44430538172715894,-0.022793753820182172,-0.04108872945474645,-0.09448446661973964,0.42151162790697677,0.46153846153846156,0.014115339100445188,15.77467363805026,17.4987012987013,0.4564454942380646,0.43487686919784313,0.01272465103547189,0.012140112510905632,0.0005845385245662575
Relive the Past,0.4794131566493138,-0.0037069419600482267,-0.022720922153000533,-0.0631053472668553,0.47570621468926555,0.4813008130081301,0.016982725035971518,14.409691207893006,16.97002997002997,0.4936065665307946,0.4689745800993799,0.014420470916615066,0.014193409881480823,0.00022706103513424336
Repeat Offender,0.5249166305556079,-0.006440405278121952,-0.008538133724284802,-0.015620025517701697,0.5184762252774859,0.5293985637342908,0.0024418497879133065,12.761221721069528,16.544424420470534,0.526201719018311,0.5240152170237047,0.0018834735957663537,0.0012850884627031434,0.0005983851330632103
Repulsive Mutation,0.559690836851254,0.035881092471301335,0.02425074845798958,0.014189458598616866,0.5955719293225553,0.5321983715766099,0.012292853400073453,14.901188478075095,17.102772182254196,0.5703849722760705,0.5517239044609663,0.010710434746824616,0.010694135424816564,1.62993220080513e-05
Riftburst Hellion,0.5328695945701576,6.383285868272193e-05,-0.0073807782073309625,-0.013101512367136525,0.5329334274288403,0.5328024502297091,0.00470719783731764,12.664997509687154,16.439263294867946,0.5361997733656089,0.5305541958881614,0.0036264793511667863,0.0033301787954512774,0.000296300555715509
Rope,0.47940630797773653,-0.01786784643927497,-0.02747418443687033,-0.06335646174010368,0.46153846153846156,0.4918238993710692,0.00588263751340394,11.445834401987044,16.308502633559065,0.48395162756864885,0.47627256770310933,0.004128625192529051,0.004545319590912311,-0.00041669439838326
Rot Farm Mortipede,0.514919370283832,0.009416912902008745,-0.0055401128234162655,-0.023880861572431966,0.5243362831858407,0.5082547169811321,0.015593134134951765,13.739853156668168,16.94224768292115,0.5279237280471704,0.5053640725088376,0.012645746731848454,0.013004357763338414,-0.00035861103148995994
Rubblebelt Braggart,0.5227537379477386,-0.01225331793093798,-0.014812601491506983,-0.02379122019975899,0.5105004200168006,0.5305485809936848,-0.0009652846014646332,12.755869018598624,16.214850323830895,0.521613111925814,0.5235300449132557,-0.0007593683380386563,-0.0011406260219245512,0.00038125768388589493
Rubblebelt Maverick,0.5461020609792524,0.01133099195392906,0.00814477308656647,0.0012876605151106446,0.5574330529331815,0.5380078550880741,0.006389854201810085,13.729941488043849,16.744185801225598,0.5514176623478534,0.5422579009309847,0.005239569445148058,0.005315601368600986,-7.603192345292855e-05
Rune-Brand Juggler,0.5364085989912345,0.0047184573615831615,0.002843210253949624,-0.004753724166638773,0.5411270563528177,0.5330351869040587,0.003047779837871913,13.293092464112634,16.4175004904846,0.537782847425557,0.535457908231951,0.0024677580621100793,0.0013742484343225447,0.0010935096277875345
Sample Collector,0.5328332828624007,0.0004005974624791131,-0.005762512973659706,-0.011544025266231439,0.5332338803248798,0.5325820084524049,0.007259980217036278,13.253351159060816,16.60914222988866,0.538982598933483,0.5284711714581508,0.005793138856446613,0.006149316071082267,-0.0003561772146356539
Sanctuary Wall,0.5281272746178642,-0.014654597710284323,-0.01690384107148102,-0.018179913360064415,0.5134726769075799,0.5384342897626638,-0.00019932316120587084,14.189391366551039,16.816862701989667,0.5275993360115026,0.5285115595901702,-0.00016818085471041044,-0.0005279386063616887,0.0003597577516512782
Sanguine Savior,0.5403043251945914,7.105673469709473e-05,-0.000292707684152016,-0.0056168273011341086,0.5403753819292885,0.5402851458885941,-0.0014604772931835922,12.52404040035107,16.413035683664084,0.5390402017833043,0.5411840180656419,-0.0011144237407484476,-0.0012641234112871214,0.00014969967053867373
Sanitation Automaton,0.5469942611190818,-0.010234000489001804,-0.007845446835996861,-7.138477799217835e-05,0.53676026063008,0.5546581517655897,-0.0015661199962896902,14.16061304132927,16.701283547257876,0.5452039890270817,0.5482766644833071,-0.0013278751409131985,-0.0017902720920001114,0.0004623969510869129
Scene of the Crime,0.5360884749708964,0.004024577977296273,-0.005732279510605731,-0.00863107674280561,0.5401130529481927,0.5330313177073075,0.0086777136641726,16.028592970594566,17.18883709812358,0.5445542364612133,0.5296971304249604,0.008091969191654814,0.008465761490316859,-0.0003737922986620443
Seasoned Consultant,0.5572543288849675,-0.009972984929539574,0.0006642899712201444,0.0068473417697888506,0.5472813439554279,0.564056464802292,-0.0116912104057863,12.165849033736654,16.124330597064613,0.5474448485503434,0.5638445938801775,-0.008821048412660328,-0.009809480334624143,0.0009884319219638157
Shadowy Backstreet,0.5418743768693918,0.003729690116254125,7.050719229795277e-05,-0.002004271496464094,0.5456040669856459,0.5392094017094017,0.00738048868188891,13.584002088321736,16.803770460480223,0.5478056106650845,0.5375777356919316,0.0059663141616580215,0.005931233795692714,3.508036596530737e-05
Shady Informant,0.5182578674810782,-0.007875211088234968,-0.012390644387709537,-0.024872987691111015,0.5103826563928432,0.5236965764153054,0.002237792528311618,13.107201788776898,16.444209175489252,0.5202609179343889,0.516862513629687,0.001783679465335246,0.0020030504533107285,-0.00021937098797548244
Shard of Broken Glass,0.4864864864864865,-0.015898251192368873,-0.0386037691678055,-0.053487609469351605,0.47058823529411764,0.5,0.020971679612337948,14.829209276844411,16.763513513513512,0.5050382910116888,0.4731026461180576,0.01855180452520235,0.01855180452520233,1.734723475976807e-17
Sharp-Eyed Rookie,0.5546334716459198,0.030133950402129295,0.029255635027541138,0.008736089155087279,0.5847674220480491,0.5321730292828559,0.005283770655643306,13.793867859285694,16.690507692889277,0.5589550887952073,0.5515393491590845,0.004366771554454632,0.004321617149287471,4.515440516716061e-05
Shock,0.5547207719625904,0.00895708804512918,0.015651774562257748,0.006672004508733842,0.5636778600077196,0.5481827520422639,-0.004852595358033365,14.503432977439166,16.60945933059979,0.5499255674840617,0.558127357274836,-0.004237301777319674,-0.0047952044785286585,0.0005579027012089849
Show and Tell,0.5056179775280899,0.05320555188367482,0.008391873090992763,-0.03603985125569875,0.5588235294117647,0.4727272727272727,0.029326759605576343,16.336826158313343,17.719101123595507,0.5326569435637286,0.48411497730711045,0.027038966035638715,0.027038966035638712,3.469446951953614e-18
Slice from the Shadows,0.5334829508434084,0.007592353881921365,0.00047552576150444725,-0.007307971450640771,0.5410753047253297,0.5276725275660947,0.007613671461804864,14.165905677479094,16.938526819714937,0.539566029323575,0.5290137107011703,0.006367410397326229,0.006083078480166648,0.00028433191715958057
Slime Against Humanity,0.4580187952549684,-0.012244674088177088,-0.021158171542654314,-0.07774209334398635,0.4457741211667913,0.46659680377259627,0.0105177954555874,11.94611697860293,16.47187024835276,0.46365733793517405,0.4540897683902337,0.007627962883087333,0.005638542680205638,0.0019894202028816945
Slimy Dualleech,0.5328693231251087,0.005027987388338762,0.0015854225672681244,-0.008236913588060224,0.5378973105134475,0.5294500680755343,0.0022491446338915914,12.445809504835694,16.415727633636763,0.5344581118080499,0.5317670948452059,0.0017052199139123195,0.0015887886829412112,0.0001164312309711083
Smuggler's Copter,0.5932148626817447,0.04465140328369477,0.04469411438763715,0.04559009919780921,0.6378662659654395,0.5588901472253681,-0.000778385417326881,14.000479171940778,17.01292407108239,0.5925743044345266,0.593688945112095,-0.0006405582472181158,-0.0006405582472180926,-2.3201926491189795e-17
Snarling Gorehound,0.5362034771111446,0.004280815714459374,0.005587155483790074,-0.00495833212424901,0.540484292825604,0.5332175423360833,0.003022538559902096,13.094152627674022,16.59897130393737,0.5372157510577685,0.5354917909740219,0.002384339396803467,0.0010122739466239539,0.001372065450179513
Soul Enervation,0.5248610872429398,0.01361083500328053,-2.603543525436791e-05,-0.015316019032441175,0.5384719222462203,0.5148002586935974,0.012222718837724258,14.354943772775469,17.03391677886773,0.5350544821256266,0.5172972959487879,0.010300416747582473,0.01019339488268678,0.0001070218648956938
Soul Search,0.5302721088435374,-0.011722713262045104,-0.01822576794900921,-0.012396341036035707,0.5185493955814923,0.5383510485492674,0.0030098659920330924,13.448823844190098,16.569754035357416,0.5328374288206023,0.5284568192543653,0.002442954641034198,0.002565319977064884,-0.00012236533603068563
Spell Snare,0.5411140583554377,0.022839430016655338,0.015395618540811729,-0.00382650211389135,0.563953488372093,0.5219512195121951,0.00870545902359346,19.60804621154022,17.49336870026525,0.5508718726307809,0.5335297583971714,0.009757814275343208,0.009757814275343168,3.9898639947466563e-17
Steamcore Scholar,0.5731492467551145,0.03751105555196588,0.035823594163818084,0.027785199538485572,0.6106603023070803,0.5423551009703645,0.005292179326200255,18.58784846641441,18.21107604448452,0.5787430130160908,0.568459285992848,0.00540167023256675,0.005593766260976296,-0.00019209602840954652
Stromkirk Captain,0.49928057553956834,-0.0009640772230700145,-0.014614670624339132,-0.040472282135106286,0.4983164983164983,0.5,0.00891317566975578,11.70429538606547,16.25258493353028,0.5062765205091938,0.49448083454633673,0.006418821454763709,0.006995944969625467,-0.000577123514861758
Sudden Setback,0.5319088921796771,0.0042780053860801415,-0.003518907834946683,-0.011751695505488047,0.5361868975657572,0.5287698412698413,0.005545922262976165,17.032629413673327,17.593970831453916,0.5373483156877759,0.527639234591288,0.005368977791723867,0.005439423508098784,-7.044571637491743e-05
Sumala Sentry,0.5561505408848487,0.007302041672306192,0.011800626975732365,0.006536010929943603,0.5634525825571549,0.5511885664284673,-0.002968343263781726,11.317322703358807,16.147615525789575,0.5534250793183308,0.5579920942896167,-0.0020804123405654637,-0.0027254615665178727,0.0006450492259524091
Surveillance Monitor,0.5458229763320004,0.01480707278909732,0.00397650479205236,0.0015844075183284456,0.5606300491210977,0.5339890639660918,0.00872061315640547,17.210373301675244,17.671929824561403,0.5546833388158062,0.53879995447218,0.00849284765903961,0.00886036248380584,-0.0003675148247662286
Suspicious Detonation,0.5143180638769638,-0.010811673197176463,-0.020210314690779385,-0.030880262672074554,0.5035063906797873,0.5221664913841922,0.0037496763509697628,16.47324353171979,17.08795154305761,0.5184387213837405,0.5112303624684206,0.00361478855666293,0.004120657506776704,-0.0005058689501137737
Swamp,0.5340646572159087,-0.0014400026469045812,-0.006158968527333553,-0.007167742115428144,0.5326246545690041,0.5350731003462035,0.009219547329564613,14.636221191036869,16.97057025795792,0.5403790964465641,0.5294640623973644,0.007951372991338614,0.006314439230655444,0.0016369337606831694
"Syr Konrad, the Grim",0.5291431641149611,0.012471742717337087,0.0018715465520685592,-0.011034905458496391,0.5416149068322982,0.5188857412653447,0.01151092206385928,12.3123102938278,16.579362918595155,0.5377364602228557,0.5230568046251262,0.008548340784515093,0.00859329610789461,-4.495532337951691e-05
Tenth District Hero,0.5547298098588765,0.02220773716896396,0.028503325095751375,0.005955627291356458,0.5769375470278405,0.5387443824050115,-0.006287883564726317,12.358875530262958,16.254495159059474,0.5500117972430938,0.5579584098327638,-0.004780903347953335,-0.004718012615782752,-6.289073217058318e-05
"Teysa, Opulent Oligarch",0.5539522410930916,0.05998428561694191,0.057422075342275614,0.009394215280067453,0.6139365267100335,0.5086380973749158,0.004607593396096347,13.44594537100152,16.73764089819828,0.5575373363950067,0.5513723509573244,0.0037014445149416374,0.0035850953019150866,0.00011634921302655079
The Chase Is On,0.5528811898824367,-0.004301802695807155,-0.003525172585313041,0.003586689981016744,0.5485793871866296,0.555759531226821,-0.00565922821085539,13.558077996305855,16.34215326019902,0.5481513908037983,0.5561432996080696,-0.004695113077206411,-0.004729799078638464,3.468600143205231e-05
The Pride of Hull Clade,0.5013463892288862,0.0038439221897988984,-0.025964033569510714,-0.04128291547248286,0.5051903114186851,0.49851380042462845,0.016500542467108956,22.0691902773841,17.67609126984127,0.5219986428284563,0.4849930365935235,0.020601478337464733,0.020652253599570125,-5.077526210539238e-05
They Went This Way,0.5366819283598169,0.0100817852475803,-0.005722506513941905,-0.00817159331216033,0.5467637136073972,0.5290302729058676,0.013482002707840179,14.703813578288656,17.016201850725242,0.548823566567183,0.527656614980104,0.011649888513141719,0.012141638207366134,-0.0004917496942244155
Thinking Cap,0.518568945538818,-0.024652674142653874,-0.028502059065230734,-0.027109292958568343,0.4939162713961642,0.536524307815551,0.0001930178491396575,15.361390180628854,17.000342284594083,0.5185824319923061,0.5185589890716917,0.00017440957616170918,1.3486453488087413e-05,0.00016092312267362177
Thundering Falls,0.5442158552348125,0.014853357175688697,0.007210746763130937,-0.0008052375586342642,0.5590692124105012,0.5319984295249313,0.007753573061600144,16.825880461309456,17.513129644921552,0.5516634032834655,0.5384110418718091,0.007449307812344331,0.007447548048652997,1.759763691334612e-06
Tin Street Gossip,0.5323418803418803,0.008490685199622261,0.0056932169706813696,-0.013862833779511807,0.5408325655415026,0.5266074108276578,0.003958676968323277,11.593707812481822,16.130494153793634,0.535014327379015,0.5305470188778448,0.002845278244866881,0.002672447037134651,0.00017283120773222988
Tireless Tracker,0.5672268907563025,0.03412446059504881,0.0216079099083043,0.020768215128994627,0.6013513513513513,0.5396935933147632,0.011308054047327432,14.377484477555855,17.043344840813194,0.5767645081783553,0.5601431186553503,0.009539287801505019,0.009537617422052835,1.6703794521837068e-06
"Tolsimir, Midnight's Light",0.5683725968047658,0.06283700614998944,0.06744523938353286,0.01940207246667991,0.6312096029547553,0.5230963791267306,-0.002280052772829862,12.661409371824305,16.4240490797546,0.5665114152237554,0.5696675205237282,-0.0017577079443672333,-0.0018611815810104515,0.00010347363664321815
Topiary Panther,0.5405189961708731,0.006976714807357065,-0.0025541953888436053,-0.0046346297681861826,0.5474957109782301,0.5353172779551129,0.00923924470324631,13.445323037902286,16.73508135801133,0.5482625384045822,0.534954282743647,0.007423007214835328,0.0077435422337091,-0.00032053501887377173
Torch the Witness,0.5709730072847081,0.02225758672888767,0.02345381447985284,0.02275516801861599,0.5932305940135958,0.5545256413622877,-0.000730707087463917,15.303358036831359,16.851188324986662,0.5702843272300583,0.5714761166518785,-0.0006635895323138536,-0.0006886800546498373,2.5090522335983675e-05
Toxin Analysis,0.5310078421334327,0.008085419200800636,0.002839962338774926,-0.00985440094121881,0.5390932613342333,0.5253214795999365,0.004811379775313507,14.376040065882817,16.90040440884942,0.5349612488319684,0.5281053268765133,0.004092717946197019,0.003953406698535722,0.00013931124766129732
Tragic Slip,0.5160744500846024,-0.005481229745619376,-0.009172639590794951,-0.024392172233337894,0.510593220338983,0.5197183098591549,0.007766611222730901,12.517096549769382,16.583756345177665,0.5219365370880522,0.5119228267938435,0.005862087003449859,0.005862087003449812,4.683753385137379e-17
Treacherous Greed,0.5144996813256851,0.010165710643722181,-0.010446015263768427,-0.027771665296608128,0.5246653919694073,0.5069577080491132,0.00807469317426223,15.864698370055937,17.228609850395024,0.5226833575252166,0.5083043456959483,0.007435456067134901,0.00818367619953142,-0.0007482201323965191
Treacherous Terrain,0.5367339170156071,0.0020591864326687803,-0.01409820095110259,-0.008398540176564273,0.5387931034482759,0.5354223433242506,0.010581675913541052,13.748323476672573,16.909826589595376,0.5450902705866463,0.5306142635761153,0.008603299543839866,0.008356353571039143,0.00024694597280072207
"Trostani, Three Whispers",0.5581135091926459,0.04381174562049117,0.05009943626472946,0.01000443445700272,0.6019252548131371,0.5262138608382902,-0.0009246196249685011,11.57261860016353,16.171690907613552,0.5573928566130476,0.5586022785582769,-0.000661666756501577,-0.0007206525795983021,5.8985823096725115e-05
Tunnel Tipster,0.5452891818412972,0.0018677387512310295,0.0025963075184954887,-0.0008691131599443125,0.5471569205925282,0.5439824699404427,0.003850602368027505,12.82455923262708,16.529370210406775,0.5473677964492547,0.5438325405009813,0.002987547469834761,0.002078614607957552,0.0009089328618772092
Unauthorized Exit,0.5495060767526792,0.004280509768859853,0.0035883443722805053,0.004170058497165119,0.553786586521539,0.5461023351648352,0.003124634069830983,17.05045066534908,17.642797715574986,0.5517403281180031,0.5477420529907754,0.003019726231281895,0.002234251365323958,0.0007854748659579368
Undercity Eliminator,0.5335514126910607,0.010822762025736843,-0.001269153635389375,-0.006835233475409042,0.5443741747167975,0.5258616414579718,0.010319198333873002,14.049505987500329,16.915245325183214,0.5423677483600078,0.527088721268873,0.008570945084793315,0.008816335668947128,-0.0002453905841538137
Undercity Sewers,0.533932584269663,0.017552813514828514,0.008522888504263748,-0.007789586089006373,0.5514853977844915,0.5197849025974026,0.013791457186954213,16.152409137665106,17.490876647671673,0.546591712174751,0.5240978287996007,0.012736083134971403,0.012659127905088052,7.695522988335028e-05
Undercover Crocodelf,0.5378353306450087,0.0009877270884197653,-0.0092452127482614,-0.00732851656293021,0.5388230577334284,0.537220129303963,0.0079519759036762,14.250821167910903,16.884738871051958,0.5447892761153412,0.5327633835211112,0.006711515493385062,0.006953945470332568,-0.00024242997694750527
Underground Mortuary,0.5461336563698769,0.010520601424446108,0.0014673695084534977,0.0033900395908045278,0.556654257794323,0.5380706134094151,0.012975834814750228,13.997471145927065,16.967905318104293,0.5567827473756873,0.5382916440253116,0.010704260190560417,0.010649091005810463,5.516918474995393e-05
Undergrowth Recon,0.47161572052401746,-0.0978783467866437,-0.1214648788634567,-0.06690019997041974,0.37373737373737376,0.5461538461538461,0.014877099578412954,18.82538471806411,17.17467248908297,0.48792270531400966,0.459345704993304,0.01630698478999219,0.016306984789992207,-1.734723475976807e-17
Unscrupulous Agent,0.540129756108685,0.010452446647430835,0.0047085718265260645,-0.0007806521181770165,0.5505822027561158,0.5323517707918822,0.007258484197813154,14.240733099469,16.93538653284791,0.5457520249254683,0.5359886623066246,0.006103559311580005,0.0056222688167832935,0.0004812904947967111
Unyielding Gatekeeper,0.5579730432348118,0.016021344043017915,0.021185083994623266,0.009002235591217267,0.5739943872778297,0.5460388430906804,-0.004376728159702126,13.08652941395652,16.409978128997647,0.5543315607071657,0.5605063359816618,-0.0034903265165004945,-0.003641482527646067,0.0001511560111455727
Urgent Necropsy,0.5490804343009085,0.04911311408618835,0.03154234709201076,0.006818865232654736,0.5981935483870968,0.5124079100426522,0.018288009533511358,13.82504849380405,17.026726313374628,0.564206433322713,0.5378557952587975,0.014849162076290808,0.01512599902180456,-0.0002768369455137514
"Vannifar, Evolved Enigma",0.5546980368649783,0.05515549176351697,0.06550646982325548,0.00973680236503105,0.6098535286284953,0.5101957585644372,-0.0006988146375027747,14.357487470089055,16.737748647206768,0.5540026608253934,0.5551978261499481,-0.0005994367948365194,-0.0006953760395849162,9.593924474839686e-05
Vein Ripper,0.5643555633864857,0.0757891020746354,0.06896517731496754,0.0229653969243101,0.6401446654611211,0.505711156313566,0.0072184122946853686,12.310185546809148,16.652803863697343,0.5696124851210157,0.5606060034337679,0.005336038028686427,0.005256921734529962,7.911629415646455e-05
Vengeful Creeper,0.5507406115199188,0.0033321164411617143,-0.005669190407501801,0.004308323359298538,0.5540727279610805,0.5483536568731756,0.007380968949167103,12.937941426133632,16.57433000726383,0.5563940974318576,0.5467512689668791,0.005761593011034767,0.005653485911938816,0.00010810709909595071
Vengeful Tracker,0.5491311634471201,-0.010681863489546917,-0.004960591825395655,0.000732185968939647,0.5384492999575732,0.556599501924383,-0.005884259305109471,13.972396713911177,16.369271634973437,0.5442188979053567,0.5525284571496781,-0.005022655082762102,-0.004912265541763383,-0.00011038954099871871
Victimize,0.5277280858676208,0.025669972384806394,0.008804935826504545,-0.012981361846303496,0.5533980582524272,0.5066225165562914,0.01620239747078327,15.113645309634826,16.91055456171735,0.5422088225960012,0.5171224916711862,0.014480736728380494,0.014480736728380461,3.2959746043559335e-17
Vitu-Ghazi Inspector,0.5490928602568832,0.005659320772530951,-0.0013812884233744827,0.0035139937529732324,0.5547521810294141,0.5449631107605215,0.007124834397995631,14.307492238702695,16.887064681056096,0.5552548608606238,0.544566334328728,0.00603648501244382,0.006162000603740614,-0.00012551559129679417
Warleader's Call,0.559993336387489,0.023240553827308053,0.030279792042379294,0.009498276009259454,0.5832338902147971,0.543462695116712,-0.011118829000264358,11.107288959975897,15.769902955254029,0.5521283125899585,0.5650966200162063,-0.007831376448727598,-0.007865023797530513,3.364734880291487e-05
Wispdrinker Vampire,0.5369303955933901,0.016281707551639046,0.010397460566133887,-0.006944936887597675,0.5532121031450291,0.5249124697010503,0.0024204369859400694,12.674500153547061,16.51879640484564,0.5392155747433724,0.5353248199589162,0.0018571467435090688,0.002285179149982386,-0.0004280324064733171
Wojek Investigator,0.5625841687864731,0.029467521778228645,0.036220974624196045,0.013583679477849664,0.5920516905647017,0.5412251227707418,-0.00542804096318851,13.32299962128152,16.498127630004248,0.5580491300965501,0.5657662933722064,-0.00438339363827812,-0.004535038689922999,0.00015164505164487908
Worldsoul's Rage,0.5250212044105174,0.00925935490387142,-0.005797580458846152,-0.019933178995379275,0.5342805593143888,0.5183567847323306,0.010952321377267841,12.752581445512721,16.47534676521211,0.5332247184588121,0.5192697687467436,0.008477537521453195,0.00820351404829478,0.0002740234731584152
Worldspine Wurm,0.46984924623115576,-0.0241970723181123,-0.05572339674282212,-0.07008427251256921,0.44565217391304346,0.5,0.028987190564550035,13.43812853326904,17.012594458438286,0.49268941072219763,0.45294567712318284,0.022896777653544628,0.02284016449104187,5.6613162502758274e-05
Wrench,0.5190397350993378,-0.019480522639743314,-0.024464457687897456,-0.028345015282617014,0.49955921245959445,0.5322516818361693,-0.002408871063147406,12.060976279909122,16.220750820070464,0.5175588333989875,0.5200489167718908,-0.0017911215748429902,-0.0014809017003503122,-0.00031021987449267796
"Yarus, Roar of the Old Gods",0.5359564511507975,0.02142250601866247,0.018662478058040666,-0.010112326252742276,0.55737895716946,0.5208535402521823,0.0036410947475521804,11.803966552816236,16.30521887208254,0.5383587612916836,0.5343047488965308,0.0026359266289475687,0.002402310140886099,0.00023361648806146957
